obj_id,tag
obj_02958,gp_T2_Application
obj_02373,gp_T2_Application
obj_02137,gp_T2_Application
obj_00742,gp_T2_Application
obj_01370,gp_T2_Application
obj_01352,gp_T2_Application
obj_02709,gp_T2_Application
obj_01175,gp_T2_Application
obj_02349,gp_T2_Application
obj_00112,gp_T2_Application
obj_00065,gp_T2_Application
obj_00121,gp_T2_Application
obj_02132,gp_T2_Application
obj_01678,gp_T2_Application
obj_01293,gp_T2_Application
obj_00716,gp_T2_Application
obj_01363,gp_T2_Application
obj_00853,gp_T2_Application
obj_00477,gp_T2_Application
obj_01623,gp_T2_Application
obj_02893,gp_T2_Application
obj_01089,gp_T2_Application
obj_02798,gp_T2_Application
obj_00541,gp_T2_Application
obj_01498,gp_T2_Application
obj_01136,gp_T2_Application
obj_02905,gp_T2_Application
obj_01108,gp_T2_Application
obj_02561,gp_T2_Application
obj_01177,gp_T2_Application
obj_01398,gp_T2_Application
obj_01332,gp_T2_Application
obj_01035,gp_T2_Application
obj_02684,gp_T2_Application
obj_00704,gp_T2_Application
obj_01122,gp_T2_Application
obj_01893,gp_T2_Application
obj_01061,gp_T2_Application
obj_01842,gp_T2_Application
obj_00024,gp_T2_Application
obj_00325,gp_T2_Application
obj_02162,gp_T2_Application
obj_02988,gp_T2_Application
obj_01029,gp_T2_Application
obj_01006,gp_T2_Application
obj_01763,gp_T2_Application
obj_02030,gp_T2_Application
obj_02516,gp_T2_Application
obj_02644,gp_T2_Application
obj_01381,gp_T2_Application
obj_02987,gp_T2_Application
obj_01534,gp_T2_Application
obj_02313,gp_T2_Application
obj_01864,gp_T2_Application
obj_02882,gp_T2_Application
obj_01110,gp_T2_Application
obj_00284,gp_T2_Application
obj_01800,gp_T2_Application
obj_01012,gp_T2_Application
obj_01957,gp_T2_Application
obj_02919,gp_T2_Application
obj_00688,gp_T2_Application
obj_00079,gp_T2_Application
obj_02593,gp_T2_Application
obj_00140,gp_T2_Application
obj_02221,gp_T2_Application
obj_02088,gp_T2_Application
obj_01340,gp_T2_Application
obj_00307,gp_T2_Application
obj_02938,gp_T2_Application
obj_01034,gp_T2_Application
obj_00219,gp_T2_Application
obj_01024,gp_T2_Application
obj_02915,gp_T2_Application
obj_00303,gp_T2_Application
obj_02085,gp_T2_Application
obj_01153,gp_T2_Application
obj_02983,gp_T2_Application
obj_01814,gp_T2_Application
obj_01692,gp_T2_Application
obj_02097,gp_T2_Application
obj_02233,gp_T2_Application
obj_01695,gp_T2_Application
obj_00818,gp_T2_Application
obj_02770,gp_T2_Application
obj_02588,gp_T2_Application
obj_01347,gp_T2_Application
obj_01415,gp_T2_Application
obj_02046,gp_T2_Application
obj_02234,gp_T2_Application
obj_02703,gp_T2_Application
obj_00299,gp_T2_Application
obj_01673,gp_T2_Application
obj_00740,gp_T2_Application
obj_02815,gp_T2_Application
obj_00531,gp_T2_Application
obj_01044,gp_T2_Application
obj_02429,gp_T2_Application
obj_00629,gp_T2_Application
obj_00359,gp_T2_Application
obj_01316,gp_T2_Application
obj_01608,gp_T2_Application
obj_01217,gp_T2_Application
obj_02139,gp_T2_Application
obj_02739,gp_T2_Application
obj_01275,gp_T2_Application
obj_00791,gp_T2_Application
obj_00419,gp_T2_Application
obj_02628,gp_T2_Application
obj_01353,gp_T2_Application
obj_01522,gp_T2_Application
obj_00404,gp_T2_Application
obj_00435,gp_T2_Application
obj_00433,gp_T2_Application
obj_00063,gp_T2_Application
obj_01560,gp_T2_Application
obj_01049,gp_T2_Application
obj_02419,gp_T2_Application
obj_01787,gp_T2_Application
obj_02842,gp_T2_Application
obj_02839,gp_T2_Application
obj_02218,gp_T2_Application
obj_01400,gp_T2_Application
obj_00561,gp_T2_Application
obj_01028,gp_T2_Application
obj_00175,gp_T2_Application
obj_01348,gp_T2_Application
obj_01218,gp_T2_Application
obj_01045,gp_T2_Application
obj_01561,gp_T2_Application
obj_02907,gp_T2_Application
obj_01442,gp_T2_Application
obj_02275,gp_T2_Application
obj_00078,gp_T2_Application
obj_00574,gp_T2_Application
obj_00081,gp_T2_Application
obj_00998,gp_T2_Application
obj_00895,gp_T2_Application
obj_00414,gp_T2_Application
obj_01651,gp_T2_Application
obj_00279,gp_T2_Application
obj_02063,gp_T2_Application
obj_01297,gp_T2_Application
obj_00734,gp_T2_Application
obj_01939,gp_T2_Application
obj_00953,gp_T2_Application
obj_01372,gp_T2_Application
obj_00850,gp_T2_Application
obj_01596,gp_T2_Application
obj_02241,gp_T2_Application
obj_02891,gp_T2_Application
obj_02963,gp_T2_Application
obj_00364,gp_T2_Application
obj_02297,gp_T2_Application
obj_02752,gp_T2_Application
obj_00272,gp_T2_Application
obj_00518,gp_T2_Application
obj_02642,gp_T2_Application
obj_00700,gp_T2_Application
obj_01183,gp_T2_Application
obj_00927,gp_T2_Application
obj_01425,gp_T2_Application
obj_01756,gp_T2_Application
obj_02027,gp_T2_Application
obj_01670,gp_T2_Application
obj_00488,gp_T2_Application
obj_02897,gp_T2_Application
obj_01988,gp_T2_Application
obj_02510,gp_T2_Application
obj_00602,gp_T2_Application
obj_02619,gp_T2_Application
obj_01998,gp_T2_Application
obj_00042,gp_T2_Application
obj_02352,gp_T2_Application
obj_00683,gp_T2_Application
obj_00703,gp_T2_Application
obj_00361,gp_T2_Application
obj_02457,gp_T2_Application
obj_00544,gp_T2_Application
obj_00323,gp_T2_Application
obj_02836,gp_T2_Application
obj_02832,gp_T2_Application
obj_00992,gp_T2_Application
obj_01033,gp_T2_Application
obj_02908,gp_T2_Application
obj_02567,gp_T2_Application
obj_00448,gp_T2_Application
obj_01707,gp_T2_Application
obj_00610,gp_T2_Application
obj_01441,gp_T2_Application
obj_02916,gp_T2_Application
obj_01516,gp_T2_Application
obj_01043,gp_T2_Application
obj_00595,gp_T2_Application
obj_01251,gp_T2_Application
obj_02894,gp_T2_Application
obj_00342,gp_T2_Application
obj_02851,gp_T2_Application
obj_00321,gp_T2_Application
obj_00597,gp_T2_Application
obj_00514,gp_T2_Application
obj_00270,gp_T2_Application
obj_01555,gp_T2_Application
obj_00565,gp_T2_Application
obj_02319,gp_T2_Application
obj_01882,gp_T2_Application
obj_00737,gp_T2_Application
obj_00185,gp_T2_Application
obj_00824,gp_T2_Application
obj_00118,gp_T2_Application
obj_02203,gp_T2_Application
obj_01825,gp_T2_Application
obj_01811,gp_T2_Application
obj_02411,gp_T2_Application
obj_01676,gp_T2_Application
obj_01229,gp_T2_Application
obj_01530,gp_T2_Application
obj_00628,gp_T2_Application
obj_00779,gp_T2_Application
obj_01719,gp_T2_Application
obj_00799,gp_T2_Application
obj_00552,gp_T2_Application
obj_02992,gp_T2_Application
obj_01074,gp_T2_Application
obj_02865,gp_T2_Application
obj_00778,gp_T2_Application
obj_02843,gp_T2_Application
obj_02010,gp_T2_Application
obj_02110,gp_T2_Application
obj_01038,gp_T2_Application
obj_02458,gp_T2_Application
obj_00756,gp_T2_Application
obj_02652,gp_T2_Application
obj_02802,gp_T2_Application
obj_00617,gp_T2_Application
obj_00127,gp_T2_Application
obj_02115,gp_T2_Application
obj_00033,gp_T2_Application
obj_01459,gp_T2_Application
obj_02986,gp_T2_Application
obj_02209,gp_T2_Application
obj_02142,gp_T2_Application
obj_02417,gp_T2_Application
obj_00519,gp_T2_Application
obj_02298,gp_T2_Application
obj_01257,gp_T2_Application
obj_02446,gp_T2_Application
obj_01280,gp_T2_Application
obj_01792,gp_T2_Application
obj_01718,gp_T2_Application
obj_02096,gp_T2_Application
obj_02736,gp_T2_Application
obj_02888,gp_T2_Application
obj_02118,gp_T2_Application
obj_01665,gp_T2_Application
obj_00690,gp_T2_Application
obj_02216,gp_T2_Application
obj_01399,gp_T2_Application
obj_01820,gp_T2_Application
obj_01087,gp_T2_Application
obj_02866,gp_T2_Application
obj_02369,gp_T2_Application
obj_00187,gp_T2_Application
obj_01626,gp_T2_Application
obj_02252,gp_T2_Application
obj_01349,gp_T2_Application
obj_02287,gp_T2_Application
obj_02049,gp_T2_Application
obj_00027,gp_T2_Application
obj_02279,gp_T2_Application
obj_00287,gp_T2_Application
obj_00422,gp_T2_Application
obj_00898,gp_T2_Application
obj_02311,gp_T2_Application
obj_00084,gp_T2_Application
obj_02831,gp_T2_Application
obj_01696,gp_T2_Application
obj_00976,gp_T2_Application
obj_02149,gp_T2_Application
obj_02978,gp_T2_Application
obj_01064,gp_T2_Application
obj_02026,gp_T2_Application
obj_02562,gp_T2_Application
obj_02941,gp_T2_Application
obj_02769,gp_T2_Application
obj_01625,gp_T2_Application
obj_02314,gp_T2_Application
obj_01412,gp_T2_Application
obj_00046,gp_T2_Application
obj_00261,gp_T2_Application
obj_01517,gp_T2_Application
obj_01007,gp_T2_Application
obj_00257,gp_T2_Application
obj_01282,gp_T2_Application
obj_01277,gp_T2_Application
obj_00749,gp_T2_Application
obj_02523,gp_T2_Application
obj_00912,gp_T2_Application
obj_00055,gp_T2_Application
obj_00569,gp_T2_Application
obj_02740,gp_T2_Application
obj_00304,gp_T2_Application
obj_01647,gp_T2_Application
obj_02738,gp_T2_Application
obj_02393,gp_T2_Application
obj_01931,gp_T2_Application
obj_01546,gp_T2_Application
obj_02980,gp_T2_Application
obj_01039,gp_T2_Application
obj_00826,gp_T2_Application
obj_02609,gp_T2_Application
obj_01986,gp_T2_Application
obj_02202,gp_T2_Application
obj_01974,gp_T2_Application
obj_02871,gp_T2_Application
obj_01698,gp_T2_Application
obj_01559,gp_T2_Application
obj_00231,gp_T2_Application
obj_01091,gp_T2_Application
obj_00114,gp_T2_Application
obj_02774,gp_T2_Application
obj_00529,gp_T2_Application
obj_00743,gp_T2_Application
obj_01118,gp_T2_Application
obj_01264,gp_T2_Application
obj_00197,gp_T2_Application
obj_02064,gp_T2_Application
obj_00070,gp_T2_Application
obj_01960,gp_T2_Application
obj_01996,gp_T2_Application
obj_01764,gp_T2_Application
obj_01617,gp_T2_Application
obj_00150,gp_T2_Application
obj_01636,gp_T2_Application
obj_01187,gp_T2_Application
obj_02822,gp_T2_Application
obj_01416,gp_T2_Application
obj_01611,gp_T2_Application
obj_02433,gp_T2_Application
obj_02025,gp_T2_Application
obj_00381,gp_T2_Application
obj_02266,gp_T2_Application
obj_01336,gp_T2_Application
obj_02735,gp_T2_Application
obj_02819,gp_T2_Application
obj_02425,gp_T2_Application
obj_00727,gp_T2_Application
obj_00965,gp_T2_Application
obj_02040,gp_T2_Application
obj_02095,gp_T2_Application
obj_02731,gp_T2_Application
obj_02326,gp_T2_Application
obj_02899,gp_T2_Application
obj_01767,gp_T2_Application
obj_02130,gp_T2_Application
obj_01499,gp_T2_Application
obj_00428,gp_T2_Application
obj_02566,gp_T2_Application
obj_02863,gp_T2_Application
obj_02444,gp_T2_Application
obj_02685,gp_T2_Application
obj_01911,gp_T2_Application
obj_00978,gp_T2_Application
obj_02336,gp_T2_Application
obj_02350,gp_T2_Application
obj_00200,gp_T2_Application
obj_02206,gp_T2_Application
obj_02486,gp_T2_Application
obj_00523,gp_T2_Application
obj_02717,gp_T2_Application
obj_01215,gp_T2_Application
obj_01884,gp_T2_Application
obj_02613,gp_T2_Application
obj_00202,gp_T2_Application
obj_00467,gp_T2_Application
obj_01637,gp_T2_Application
obj_02383,gp_T2_Application
obj_00748,gp_T2_Application
obj_01584,gp_T2_Application
obj_00018,gp_T2_Application
obj_00191,gp_T2_Application
obj_02492,gp_T2_Application
obj_02794,gp_T2_Application
obj_00418,gp_T2_Application
obj_02616,gp_T2_Application
obj_02953,gp_T2_Application
obj_02037,gp_T2_Application
obj_01382,gp_T2_Application
obj_01342,gp_T2_Application
obj_00045,gp_T2_Application
obj_01773,gp_T2_Application
obj_01504,gp_T2_Application
obj_01132,gp_T2_Application
obj_02157,gp_T2_Application
obj_02390,gp_T2_Application
obj_02790,gp_T2_Application
obj_02501,gp_T2_Application
obj_01160,gp_T2_Application
obj_02722,gp_T2_Application
obj_02585,gp_T2_Application
obj_00728,gp_T2_Application
obj_01300,gp_T2_Application
obj_01490,gp_T2_Application
obj_02996,gp_T2_Application
obj_02718,gp_T2_Application
obj_00929,gp_T2_Application
obj_01708,gp_T2_Application
obj_00672,gp_T2_Application
obj_00546,gp_T2_Application
obj_02960,gp_T2_Application
obj_02756,gp_T2_Application
obj_00172,gp_T2_Application
obj_02807,gp_T2_Application
obj_01179,gp_T2_Application
obj_01198,gp_T2_Application
obj_01414,gp_T2_Application
obj_00658,gp_T2_Application
obj_00243,gp_T2_Application
obj_01700,gp_T2_Application
obj_00318,gp_T2_Application
obj_01963,gp_T2_Application
obj_02069,gp_T2_Application
obj_00262,gp_T2_Application
obj_02962,gp_T2_Application
obj_00416,gp_T2_Application
obj_02183,gp_T2_Application
obj_00248,gp_T2_Application
obj_01429,gp_T2_Application
obj_00461,gp_T2_Application
obj_02696,gp_T2_Application
obj_02952,gp_T2_Application
obj_00037,gp_T2_Application
obj_00873,gp_T2_Application
obj_00338,gp_T2_Application
obj_01057,gp_T2_Application
obj_00539,gp_T2_Application
obj_02880,gp_T2_Application
obj_01889,gp_T2_Application
obj_00410,gp_T2_Application
obj_00317,gp_T2_Application
obj_01016,gp_T2_Application
obj_01449,gp_T2_Application
obj_01443,gp_T2_Application
obj_01854,gp_T2_Application
obj_00594,gp_T2_Application
obj_01638,gp_T2_Application
obj_00115,gp_T2_Application
obj_01479,gp_T2_Application
obj_01784,gp_T2_Application
obj_02371,gp_T2_Application
obj_00982,gp_T2_Application
obj_02086,gp_T2_Application
obj_02084,gp_T2_Application
obj_02450,gp_T2_Application
obj_02925,gp_T2_Application
obj_00750,gp_T2_Application
obj_01119,gp_T2_Application
obj_02707,gp_T2_Application
obj_02631,gp_T2_Application
obj_01847,gp_T2_Application
obj_02044,gp_T2_Application
obj_00339,gp_T2_Application
obj_02175,gp_T2_Application
obj_02640,gp_T2_Application
obj_00030,gp_T2_Application
obj_02559,gp_T2_Application
obj_01324,gp_T2_Application
obj_02020,gp_T2_Application
obj_01366,gp_T2_Application
obj_02844,gp_T2_Application
obj_00471,gp_T2_Application
obj_00475,gp_T2_Application
obj_01620,gp_T2_Application
obj_02249,gp_T2_Application
obj_02814,gp_T2_Application
obj_02289,gp_T2_Application
obj_02857,gp_T2_Application
obj_00827,gp_T2_Application
obj_02904,gp_T2_Application
obj_01298,gp_T2_Application
obj_01295,gp_T2_Application
obj_02689,gp_T2_Application
obj_01240,gp_T2_Application
obj_00330,gp_T2_Application
obj_02244,gp_T2_Application
obj_02327,gp_T2_Application
obj_02611,gp_T2_Application
obj_02929,gp_T2_Application
obj_01001,gp_T2_Application
obj_01025,gp_T2_Application
obj_00205,gp_T2_Application
obj_01946,gp_T2_Application
obj_02526,gp_T2_Application
obj_00516,gp_T2_Application
obj_00974,gp_T2_Application
obj_01791,gp_T2_Application
obj_02499,gp_T2_Application
obj_00132,gp_T2_Application
obj_02246,gp_T2_Application
obj_01369,gp_T2_Application
obj_01210,gp_T2_Application
obj_01124,gp_T2_Application
obj_01685,gp_T2_Application
obj_01817,gp_T2_Application
obj_01830,gp_T2_Application
obj_01476,gp_T2_Application
obj_02522,gp_T2_Application
obj_01578,gp_T2_Application
obj_00327,gp_T2_Application
obj_01358,gp_T2_Application
obj_02607,gp_T2_Application
obj_02615,gp_T2_Application
obj_00292,gp_T2_Application
obj_00139,gp_T2_Application
obj_02094,gp_T2_Application
obj_02121,gp_T2_Application
obj_00556,gp_T2_Application
obj_02517,gp_T2_Application
obj_02834,gp_T2_Application
obj_01026,gp_T2_Application
obj_00676,gp_T2_Application
obj_02921,gp_T2_Application
obj_01380,gp_T2_Application
obj_01524,gp_T2_Application
obj_01991,gp_T2_Application
obj_02129,gp_T2_Application
obj_00892,gp_T2_Application
obj_02924,gp_T2_Application
obj_02497,gp_T2_Application
obj_01505,gp_T2_Application
obj_02675,gp_T2_Application
obj_01368,gp_T2_Application
obj_00947,gp_T2_Application
obj_00211,gp_T2_Application
obj_00454,gp_T2_Application
obj_01883,gp_T2_Application
obj_00831,gp_T2_Application
obj_02949,gp_T2_Application
obj_01467,gp_T2_Application
obj_00195,gp_T2_Application
obj_01371,gp_T2_Application
obj_01054,gp_T2_Application
obj_00607,gp_T2_Application
obj_02205,gp_T2_Application
obj_01248,gp_T2_Application
obj_00044,gp_T2_Application
obj_00048,gp_T2_Application
obj_01079,gp_T2_Application
obj_00964,gp_T2_Application
obj_02229,gp_T2_Application
obj_00283,gp_T2_Application
obj_01861,gp_T2_Application
obj_01247,gp_T2_Application
obj_02186,gp_T2_Application
obj_00996,gp_T2_Application
obj_02612,gp_T2_Application
obj_02454,gp_T2_Application
obj_00182,gp_T2_Application
obj_02434,gp_T2_Application
obj_02927,gp_T2_Application
obj_00903,gp_T2_Application
obj_01503,gp_T2_Application
obj_02324,gp_T2_Application
obj_02192,gp_T2_Application
obj_02643,gp_T2_Application
obj_01513,gp_T2_Application
obj_00851,gp_T2_Application
obj_00322,gp_T2_Application
obj_02288,gp_T2_Application
obj_01928,gp_T2_Application
obj_01751,gp_T2_Application
obj_00738,gp_T2_Application
obj_01881,gp_T2_Application
obj_01533,gp_T2_Application
obj_01921,gp_T2_Application
obj_02401,gp_T2_Application
obj_01000,gp_T2_Application
obj_02008,gp_T2_Application
obj_01571,gp_T2_Application
obj_02034,gp_T2_Application
obj_00315,gp_T2_Application
obj_01520,gp_T2_Application
obj_02869,gp_T2_Application
obj_00108,gp_T2_Application
obj_01603,gp_T2_Application
obj_00014,gp_T2_Application
obj_02328,gp_T2_Application
obj_02602,gp_T2_Application
obj_01618,gp_T2_Application
obj_02377,gp_T2_Application
obj_02895,gp_T2_Application
obj_02799,gp_T2_Application
obj_01980,gp_T2_Application
obj_00171,gp_T2_Application
obj_00389,gp_T2_Application
obj_00415,gp_T2_Application
obj_00625,gp_T2_Application
obj_02970,gp_T2_Application
obj_02317,gp_T2_Application
obj_01731,gp_T2_Application
obj_01659,gp_T2_Application
obj_01554,gp_T2_Application
obj_00830,gp_T2_Application
obj_00007,gp_T2_Application
obj_02426,gp_T2_Application
obj_00129,gp_T2_Application
obj_01426,gp_T2_Application
obj_00636,gp_T2_Application
obj_00869,gp_T2_Application
obj_02285,gp_T2_Application
obj_00918,gp_T2_Application
obj_02942,gp_T2_Application
obj_00278,gp_T2_Application
obj_00072,gp_T2_Application
obj_01838,gp_T2_Application
obj_00944,gp_T2_Application
obj_00240,gp_T2_Application
obj_02968,gp_T2_Application
obj_00679,gp_T2_Application
obj_00782,gp_T2_Application
obj_01284,gp_T2_Application
obj_01495,gp_T2_Application
obj_01233,gp_T2_Application
obj_01241,gp_T2_Application
obj_00265,gp_T2_Application
obj_01531,gp_T2_Application
obj_02621,gp_T2_Application
obj_01952,gp_T2_Application
obj_01971,gp_T2_Application
obj_02528,gp_T2_Application
obj_01333,gp_T2_Application
obj_00160,gp_T2_Application
obj_02155,gp_T2_Application
obj_00362,gp_T2_Application
obj_02386,gp_T2_Application
obj_02410,gp_T2_Application
obj_02859,gp_T2_Application
obj_00394,gp_T2_Application
obj_01310,gp_T2_Application
obj_01489,gp_T2_Application
obj_00901,gp_T2_Application
obj_02200,gp_T2_Application
obj_02700,gp_T2_Application
obj_00836,gp_T2_Application
obj_02391,gp_T2_Application
obj_00331,gp_T2_Application
obj_00630,gp_T2_Application
obj_01948,gp_T2_Application
obj_02997,gp_T2_Application
obj_00527,gp_T2_Application
obj_02347,gp_T2_Application
obj_01532,gp_T2_Application
obj_02569,gp_T2_Application
obj_00051,gp_T2_Application
obj_02481,gp_T2_Application
obj_00244,gp_T2_Application
obj_02564,gp_T2_Application
obj_01468,gp_T2_Application
obj_01456,gp_T2_Application
obj_01493,gp_T2_Application
obj_02525,gp_T2_Application
obj_01484,gp_T2_Application
obj_00984,gp_T2_Application
obj_01331,gp_T2_Application
obj_00168,gp_T2_Application
obj_00691,gp_T2_Application
obj_02601,gp_T2_Application
obj_01845,gp_T2_Application
obj_02660,gp_T2_Application
obj_02012,gp_T2_Application
obj_01190,gp_T2_Application
obj_01704,gp_T2_Application
obj_00777,gp_T2_Application
obj_02320,gp_T2_Application
obj_00566,gp_T2_Application
obj_01985,gp_T2_Application
obj_00290,gp_T2_Application
obj_01494,gp_T2_Application
obj_00671,gp_T2_Application
obj_01125,gp_T2_Application
obj_01572,gp_T2_Application
obj_00911,gp_T2_Application
obj_00841,gp_T2_Application
obj_02385,gp_T2_Application
obj_01621,gp_T2_Application
obj_01220,gp_T2_Application
obj_01799,gp_T2_Application
obj_00397,gp_T2_Application
obj_02366,gp_T2_Application
obj_00522,gp_T2_Application
obj_02568,gp_T2_Application
obj_02212,gp_T2_Application
obj_01885,gp_T2_Application
obj_02122,gp_T2_Application
obj_01837,gp_T2_Application
obj_02875,gp_T2_Application
obj_00578,gp_T2_Application
obj_00034,gp_T2_Application
obj_02310,gp_T2_Application
obj_00512,gp_T2_Application
obj_01337,gp_T2_Application
obj_00707,gp_T2_Application
obj_02112,gp_T2_Application
obj_01030,gp_T2_Application
obj_02007,gp_T2_Application
obj_02556,gp_T2_Application
obj_01887,gp_T2_Application
obj_02874,gp_T2_Application
obj_00689,gp_T2_Application
obj_01634,gp_T2_Application
obj_01849,gp_T2_Application
obj_02332,gp_T2_Application
obj_02475,gp_T2_Application
obj_00585,gp_T2_Application
obj_00464,gp_T2_Application
obj_01255,gp_T2_Application
obj_02633,gp_T2_Application
obj_02777,gp_T2_Application
obj_01602,gp_T2_Application
obj_01172,gp_T2_Application
obj_00158,gp_T2_Application
obj_02922,gp_T2_Application
obj_00273,gp_T2_Application
obj_02188,gp_T2_Application
obj_00673,gp_T2_Application
obj_00442,gp_T2_Application
obj_02624,gp_T2_Application
obj_02436,gp_T2_Application
obj_00366,gp_T2_Application
obj_00473,gp_T2_Application
obj_00872,gp_T2_Application
obj_01510,gp_T2_Application
obj_02284,gp_T2_Application
obj_02009,gp_T2_Application
obj_02163,gp_T2_Application
obj_02883,gp_T2_Application
obj_02796,gp_T2_Application
obj_00460,gp_T2_Application
obj_00013,gp_T2_Application
obj_01385,gp_T2_Application
obj_01909,gp_T2_Application
obj_01341,gp_T2_Application
obj_01022,gp_T2_Application
obj_01537,gp_T2_Application
obj_00085,gp_T2_Application
obj_02074,gp_T2_Application
obj_00784,gp_T2_Application
obj_00967,gp_T2_Application
obj_00052,gp_T2_Application
obj_02022,gp_T2_Application
obj_00549,gp_T2_Application
obj_00951,gp_T2_Application
obj_00492,gp_T2_Application
obj_01483,gp_T2_Application
obj_02449,gp_T2_Application
obj_02984,gp_T2_Application
obj_00878,gp_T2_Application
obj_01716,gp_T2_Application
obj_01962,gp_T2_Application
obj_01736,gp_T2_Application
obj_02505,gp_T2_Application
obj_02199,gp_T2_Application
obj_00986,gp_T2_Application
obj_00659,gp_T2_Application
obj_02974,gp_T2_Application
obj_00470,gp_T2_Application
obj_00213,gp_T2_Application
obj_02335,gp_T2_Application
obj_01439,gp_T2_Application
obj_02245,gp_T2_Application
obj_02674,gp_T2_Application
obj_02146,gp_T2_Application
obj_00739,gp_T2_Application
obj_01633,gp_T2_Application
obj_02672,gp_T2_Application
obj_02681,gp_T2_Application
obj_01307,gp_T2_Application
obj_00247,gp_T2_Application
obj_00478,gp_T2_Application
obj_02052,gp_T2_Application
obj_01967,gp_T2_Application
obj_01776,gp_T2_Application
obj_01612,gp_T2_Application
obj_02768,gp_T2_Application
obj_01487,gp_T2_Application
obj_00666,gp_T2_Application
obj_00834,gp_T2_Application
obj_01040,gp_T2_Application
obj_00430,gp_T2_Application
obj_00137,gp_T2_Application
obj_01809,gp_T2_Application
obj_00110,gp_T2_Application
obj_01162,gp_T2_Application
obj_01652,gp_T2_Application
obj_02940,gp_T2_Application
obj_02804,gp_T2_Application
obj_00550,gp_T2_Application
obj_02068,gp_T2_Application
obj_02967,gp_T2_Application
obj_00236,gp_T2_Application
obj_02678,gp_T2_Application
obj_01890,gp_T2_Application
obj_01228,gp_T2_Application
obj_02646,gp_T2_Application
obj_00637,gp_T2_Application
obj_02898,gp_T2_Application
obj_02050,gp_T2_Application
obj_01944,gp_T2_Application
obj_01166,gp_T2_Application
obj_02912,gp_T2_Application
obj_02973,gp_T2_Application
obj_01294,gp_T2_Application
obj_02362,gp_T2_Application
obj_02217,gp_T2_Application
obj_00050,gp_T2_Application
obj_01408,gp_T2_Application
obj_02177,gp_T2_Application
obj_01857,gp_T2_Application
obj_02473,gp_T2_Application
obj_01779,gp_T2_Application
obj_01266,gp_T2_Application
obj_01675,gp_T2_Application
obj_00432,gp_T2_Application
obj_00117,gp_T2_Application
obj_01334,gp_T2_Application
obj_01437,gp_T2_Application
obj_02329,gp_T2_Application
obj_02710,gp_T2_Application
obj_01208,gp_T2_Application
obj_00167,gp_T2_Application
obj_02198,gp_T2_Application
obj_01604,gp_T2_Application
obj_00766,gp_T2_Application
obj_01419,gp_T2_Application
obj_00735,gp_T2_Application
obj_01922,gp_T2_Application
obj_02943,gp_T2_Application
obj_01526,gp_T2_Application
obj_02379,gp_T2_Application
obj_02180,gp_T2_Application
obj_00533,gp_T2_Application
obj_02448,gp_T2_Application
obj_02901,gp_T2_Application
obj_02541,gp_T2_Application
obj_01761,gp_T2_Application
obj_01434,gp_T2_Application
obj_01149,gp_T2_Application
obj_02281,gp_T2_Application
obj_00151,gp_T2_Application
obj_00696,gp_T2_Application
obj_01649,gp_T2_Application
obj_00580,gp_T2_Application
obj_00109,gp_T2_Application
obj_02809,gp_T2_Application
obj_00897,gp_T2_Application
obj_00105,gp_T2_Application
obj_00635,gp_T2_Application
obj_00820,gp_T2_Application
obj_00246,gp_T2_Application
obj_00616,gp_T2_Application
obj_02544,gp_T2_Application
obj_00385,gp_T2_Application
obj_01308,gp_T2_Application
obj_00002,gp_T2_Application
obj_01746,gp_T2_Application
obj_00521,gp_T2_Application
obj_01304,gp_T2_Application
obj_00329,gp_T2_Application
obj_01711,gp_T2_Application
obj_01095,gp_T2_Application
obj_01619,gp_T2_Application
obj_00840,gp_T2_Application
obj_02477,gp_T2_Application
obj_01496,gp_T2_Application
obj_00711,gp_T2_Application
obj_02785,gp_T2_Application
obj_02773,gp_T2_Application
obj_00723,gp_T2_Application
obj_00589,gp_T2_Application
obj_01199,gp_T2_Application
obj_01285,gp_T2_Application
obj_00222,gp_T2_Application
obj_00515,gp_T2_Application
obj_02816,gp_T2_Application
obj_00190,gp_T2_Application
obj_01860,gp_T2_Application
obj_02178,gp_T2_Application
obj_01144,gp_T2_Application
obj_00425,gp_T2_Application
obj_00010,gp_T2_Application
obj_00095,gp_T2_Application
obj_00870,gp_T2_Application
obj_01170,gp_T2_Application
obj_02445,gp_T2_Application
obj_00386,gp_T2_Application
obj_02176,gp_T2_Application
obj_00563,gp_T2_Application
obj_01868,gp_T2_Application
obj_02135,gp_T2_Application
obj_01501,gp_T2_Application
obj_00468,gp_T2_Application
obj_01914,gp_T2_Application
obj_00937,gp_T2_Application
obj_00801,gp_T2_Application
obj_00567,gp_T2_Application
obj_01866,gp_T2_Application
obj_01815,gp_T2_Application
obj_01389,gp_T2_Application
obj_01227,gp_T2_Application
obj_00335,gp_T2_Application
obj_00789,gp_T2_Application
obj_00373,gp_T2_Application
obj_01477,gp_T2_Application
obj_01048,gp_T2_Application
obj_02985,gp_T2_Application
obj_00482,gp_T2_Application
obj_00663,gp_T2_Application
obj_02452,gp_T2_Application
obj_00194,gp_T2_Application
obj_00649,gp_T2_Application
obj_01734,gp_T2_Application
obj_01292,gp_T2_Application
obj_01169,gp_T2_Application
obj_02658,gp_T2_Application
obj_02664,gp_T2_Application
obj_00971,gp_T2_Application
obj_00868,gp_T2_Application
obj_00174,gp_T2_Application
obj_02590,gp_T2_Application
obj_00179,gp_T2_Application
obj_00229,gp_T2_Application
obj_01819,gp_T2_Application
obj_01693,gp_T2_Application
obj_01999,gp_T2_Application
obj_01017,gp_T2_Application
obj_01147,gp_T2_Application
obj_02821,gp_T2_Application
obj_02459,gp_T2_Application
obj_00376,gp_T2_Application
obj_01395,gp_T2_Application
obj_02106,gp_T2_Application
obj_02389,gp_T2_Application
obj_02990,gp_T2_Application
obj_00056,gp_T2_Application
obj_00230,gp_T2_Application
obj_01586,gp_T2_Application
obj_02521,gp_T2_Application
obj_00420,gp_T2_Application
obj_02299,gp_T2_Application
obj_01569,gp_T2_Application
obj_02109,gp_T2_Application
obj_00815,gp_T2_Application
obj_00755,gp_T2_Application
obj_00825,gp_T2_Application
obj_01178,gp_T2_Application
obj_00001,gp_T2_Application
obj_02409,gp_T2_Application
obj_02829,gp_T2_Application
obj_02855,gp_T2_Application
obj_00203,gp_T2_Application
obj_01822,gp_T2_Application
obj_02220,gp_T2_Application
obj_01808,gp_T2_Application
obj_00909,gp_T2_Application
obj_02471,gp_T2_Application
obj_01157,gp_T2_Application
obj_02256,gp_T2_Application
obj_02403,gp_T2_Application
obj_01376,gp_T2_Application
obj_02926,gp_T2_Application
obj_00794,gp_T2_Application
obj_02463,gp_T2_Application
obj_02224,gp_T2_Application
obj_02039,gp_T2_Application
obj_00134,gp_T2_Application
obj_00821,gp_T2_Application
obj_01548,gp_T2_Application
obj_02889,gp_T2_Application
obj_00729,gp_T2_Application
obj_00805,gp_T2_Application
obj_02277,gp_T2_Application
obj_02697,gp_T2_Application
obj_00950,gp_T2_Application
obj_00626,gp_T2_Application
obj_02013,gp_T2_Application
obj_01090,gp_T2_Application
obj_01898,gp_T2_Application
obj_02902,gp_T2_Application
obj_01286,gp_T2_Application
obj_02671,gp_T2_Application
obj_01924,gp_T2_Application
obj_00922,gp_T2_Application
obj_00196,gp_T2_Application
obj_00854,gp_T2_Application
obj_02761,gp_T2_Application
obj_01377,gp_T2_Application
obj_02267,gp_T2_Application
obj_02378,gp_T2_Application
obj_00107,gp_T2_Application
obj_00021,gp_T2_Application
obj_01346,gp_T2_Application
obj_02881,gp_T2_Application
obj_00009,gp_T2_Application
obj_02341,gp_T2_Application
obj_00928,gp_T2_Application
obj_01242,gp_T2_Application
obj_01117,gp_T2_Application
obj_02993,gp_T2_Application
obj_02478,gp_T2_Application
obj_02791,gp_T2_Application
obj_01219,gp_T2_Application
obj_01697,gp_T2_Application
obj_02572,gp_T2_Application
obj_02318,gp_T2_Application
obj_02877,gp_T2_Application
obj_01539,gp_T2_Application
obj_01250,gp_T2_Application
obj_00764,gp_T2_Application
obj_02514,gp_T2_Application
obj_01529,gp_T2_Application
obj_02757,gp_T2_Application
obj_02632,gp_T2_Application
obj_02125,gp_T2_Application
obj_00780,gp_T2_Application
obj_01360,gp_T2_Application
obj_00083,gp_T2_Application
obj_01176,gp_T2_Application
obj_01146,gp_T2_Application
obj_00406,gp_T2_Application
obj_02263,gp_T2_Application
obj_02023,gp_T2_Application
obj_02123,gp_T2_Application
obj_01209,gp_T2_Application
obj_01587,gp_T2_Application
obj_00754,gp_T2_Application
obj_00040,gp_T2_Application
obj_01580,gp_T2_Application
obj_02828,gp_T2_Application
obj_00891,gp_T2_Application
obj_00281,gp_T2_Application
obj_01062,gp_T2_Application
obj_02729,gp_T2_Application
obj_02098,gp_T2_Application
obj_01576,gp_T2_Application
obj_01667,gp_T2_Application
obj_01390,gp_T2_Application
obj_00883,gp_T2_Application
obj_02152,gp_T2_Application
obj_01140,gp_T2_Application
obj_01547,gp_T2_Application
obj_00941,gp_T2_Application
obj_02918,gp_T2_Application
obj_02695,gp_T2_Application
obj_02381,gp_T2_Application
obj_02581,gp_T2_Application
obj_00256,gp_T2_Application
obj_00590,gp_T2_Application
obj_02325,gp_T2_Application
obj_02683,gp_T2_Application
obj_00148,gp_T2_Application
obj_00500,gp_T2_Application
obj_02469,gp_T2_Application
obj_01268,gp_T2_Application
obj_02169,gp_T2_Application
obj_01870,gp_T2_Application
obj_00163,gp_T2_Application
obj_02253,gp_T2_Application
obj_02083,gp_T2_Application
obj_01111,gp_T2_Application
obj_02015,gp_T2_Application
obj_02090,gp_T2_Application
obj_02737,gp_T2_Application
obj_01070,gp_T2_Application
obj_01184,gp_T2_Application
obj_01668,gp_T2_Application
obj_02682,gp_T2_Application
obj_00653,gp_T2_Application
obj_00399,gp_T2_Application
obj_01321,gp_T2_Application
obj_00907,gp_T2_Application
obj_02610,gp_T2_Application
obj_00153,gp_T2_Application
obj_01418,gp_T2_Application
obj_00940,gp_T2_Application
obj_00022,gp_T2_Application
obj_02995,gp_T2_Application
obj_00159,gp_T2_Application
obj_00147,gp_T2_Application
obj_01680,gp_T2_Application
obj_02376,gp_T2_Application
obj_01460,gp_T2_Application
obj_01912,gp_T2_Application
obj_02686,gp_T2_Application
obj_02104,gp_T2_Application
obj_01563,gp_T2_Application
obj_02538,gp_T2_Application
obj_02913,gp_T2_Application
obj_02713,gp_T2_Application
obj_02032,gp_T2_Application
obj_01362,gp_T2_Application
obj_04151,Users Networks
obj_04128,Users Networks
obj_03599,Users Networks
obj_03601,Users Networks
obj_04775,Users Networks
obj_03625,Users Networks
obj_03351,Users Networks
obj_04247,Users Networks
obj_05056,Users Networks
obj_03452,Users Networks
obj_04078,Users Networks
obj_05282,Users Networks
obj_04236,Users Networks
obj_04349,Users Networks
obj_03326,Users Networks
obj_03000,Users Networks
obj_04743,Users Networks
obj_04142,Users Networks
obj_03677,Users Networks
obj_03322,Users Networks
obj_05169,Users Networks
obj_03385,Users Networks
obj_05119,Users Networks
obj_04887,Users Networks
obj_04658,Users Networks
obj_03060,Users Networks
obj_03120,Users Networks
obj_05137,Users Networks
obj_04589,Users Networks
obj_04726,Users Networks
obj_03971,Users Networks
obj_04712,Users Networks
obj_04679,Users Networks
obj_03129,Users Networks
obj_04268,Users Networks
obj_03569,Users Networks
obj_04157,Users Networks
obj_03370,Users Networks
obj_03438,Users Networks
obj_04731,Users Networks
obj_04340,Users Networks
obj_03369,Users Networks
obj_04371,Users Networks
obj_04073,Users Networks
obj_05223,Users Networks
obj_03030,Users Networks
obj_03185,Users Networks
obj_03314,Users Networks
obj_04083,Users Networks
obj_05261,Users Networks
obj_05157,Users Networks
obj_04616,Users Networks
obj_04948,Users Networks
obj_04748,Users Networks
obj_04475,Users Networks
obj_04786,Users Networks
obj_05082,Users Networks
obj_03669,Users Networks
obj_05076,Users Networks
obj_03962,Users Networks
obj_03064,Users Networks
obj_03911,Users Networks
obj_03449,Users Networks
obj_03311,Users Networks
obj_04336,Users Networks
obj_03389,Users Networks
obj_03248,Users Networks
obj_03196,Users Networks
obj_03408,Users Networks
obj_05173,Users Networks
obj_04194,Users Networks
obj_03568,Users Networks
obj_03685,Users Networks
obj_04592,Users Networks
obj_03306,Users Networks
obj_04774,Users Networks
obj_03486,Users Networks
obj_04205,Users Networks
obj_03804,Users Networks
obj_03772,Users Networks
obj_04243,Users Networks
obj_04457,Users Networks
obj_04581,Users Networks
obj_03036,Users Networks
obj_03687,Users Networks
obj_03813,Users Networks
obj_03017,Users Networks
obj_03631,Users Networks
obj_04610,Users Networks
obj_05209,Users Networks
obj_05275,Users Networks
obj_04255,Users Networks
obj_04000,Users Networks
obj_04014,Users Networks
obj_03570,Users Networks
obj_03481,Users Networks
obj_05238,Users Networks
obj_03732,Users Networks
obj_03989,Users Networks
obj_04844,Users Networks
obj_03402,Users Networks
obj_04963,Users Networks
obj_03392,Users Networks
obj_04988,Users Networks
obj_03450,Users Networks
obj_03457,Users Networks
obj_04689,Users Networks
obj_03456,Users Networks
obj_03653,Users Networks
obj_04037,Users Networks
obj_04797,Users Networks
obj_03152,Users Networks
obj_03542,Users Networks
obj_05284,Users Networks
obj_03501,Users Networks
obj_04828,Users Networks
obj_04900,Users Networks
obj_04503,Users Networks
obj_03650,Users Networks
obj_03355,Users Networks
obj_03473,Users Networks
obj_03856,Users Networks
obj_03654,Users Networks
obj_05273,Users Networks
obj_04949,Users Networks
obj_04397,Users Networks
obj_03580,Users Networks
obj_03485,Users Networks
obj_03048,Users Networks
obj_04588,Users Networks
obj_04646,Users Networks
obj_03969,Users Networks
obj_04266,Users Networks
obj_04983,Users Networks
obj_04193,Users Networks
obj_05085,Users Networks
obj_03907,Users Networks
obj_05099,Users Networks
obj_03680,Users Networks
obj_04760,Users Networks
obj_04018,Users Networks
obj_03230,Users Networks
obj_04667,Users Networks
obj_04215,Users Networks
obj_04106,Users Networks
obj_03777,Users Networks
obj_04446,Users Networks
obj_04264,Users Networks
obj_03133,Users Networks
obj_03077,Users Networks
obj_04318,Users Networks
obj_04957,Users Networks
obj_03275,Users Networks
obj_03906,Users Networks
obj_04216,Users Networks
obj_04587,Users Networks
obj_03664,Users Networks
obj_03735,Users Networks
obj_04196,Users Networks
obj_04350,Users Networks
obj_03825,Users Networks
obj_04823,Users Networks
obj_04214,Users Networks
obj_03659,Users Networks
obj_03181,Users Networks
obj_03960,Users Networks
obj_04939,Users Networks
obj_04978,Users Networks
obj_04623,Users Networks
obj_03089,Users Networks
obj_03718,Users Networks
obj_03087,Users Networks
obj_03121,Users Networks
obj_03557,Users Networks
obj_04856,Users Networks
obj_04412,Users Networks
obj_04305,Users Networks
obj_05195,Users Networks
obj_03394,Users Networks
obj_04008,Users Networks
obj_04261,Users Networks
obj_04032,Users Networks
obj_05124,Users Networks
obj_03917,Users Networks
obj_04872,Users Networks
obj_03420,Users Networks
obj_05265,Users Networks
obj_05186,Users Networks
obj_04462,Users Networks
obj_03529,Users Networks
obj_04426,Users Networks
obj_04319,Users Networks
obj_04396,Users Networks
obj_04968,Users Networks
obj_05059,Users Networks
obj_05190,Users Networks
obj_04419,Users Networks
obj_04389,Users Networks
obj_03900,Users Networks
obj_03183,Users Networks
obj_04372,Users Networks
obj_03283,Users Networks
obj_04497,Users Networks
obj_04645,Users Networks
obj_05012,Users Networks
obj_04122,Users Networks
obj_04253,Users Networks
obj_03215,Users Networks
obj_03352,Users Networks
obj_04960,Users Networks
obj_03726,Users Networks
obj_03008,Users Networks
obj_04693,Users Networks
obj_03652,Users Networks
obj_03800,Users Networks
obj_03992,Users Networks
obj_05257,Users Networks
obj_03970,Users Networks
obj_05011,Users Networks
obj_03560,Users Networks
obj_04380,Users Networks
obj_03578,Users Networks
obj_04474,Users Networks
obj_03261,Users Networks
obj_04691,Users Networks
obj_04941,Users Networks
obj_03922,Users Networks
obj_03441,Users Networks
obj_05127,Users Networks
obj_04811,Users Networks
obj_04353,Users Networks
obj_03039,Users Networks
obj_04977,Users Networks
obj_05293,Users Networks
obj_05294,Users Networks
obj_04089,Users Networks
obj_04875,Users Networks
obj_04042,Users Networks
obj_04536,Users Networks
obj_05024,Users Networks
obj_03003,Users Networks
obj_04522,Users Networks
obj_03044,Users Networks
obj_04568,Users Networks
obj_05277,Users Networks
obj_04681,Users Networks
obj_05050,Users Networks
obj_04461,Users Networks
obj_04708,Users Networks
obj_03245,Users Networks
obj_04674,Users Networks
obj_04413,Users Networks
obj_03959,Users Networks
obj_04821,Users Networks
obj_03328,Users Networks
obj_04509,Users Networks
obj_03805,Users Networks
obj_03806,Users Networks
obj_03742,Users Networks
obj_03255,Users Networks
obj_05205,Users Networks
obj_03109,Users Networks
obj_04710,Users Networks
obj_04575,Users Networks
obj_04697,Users Networks
obj_04102,Users Networks
obj_03678,Users Networks
obj_04485,Users Networks
obj_03317,Users Networks
obj_03202,Users Networks
obj_03763,Users Networks
obj_03987,Users Networks
obj_04059,Users Networks
obj_03287,Users Networks
obj_05251,Users Networks
obj_03108,Users Networks
obj_03265,Users Networks
obj_04359,Users Networks
obj_03532,Users Networks
obj_05018,Users Networks
obj_04843,Users Networks
obj_03797,Users Networks
obj_04955,Users Networks
obj_05253,Users Networks
obj_05299,Users Networks
obj_05210,Users Networks
obj_03417,Users Networks
obj_03082,Users Networks
obj_04687,Users Networks
obj_03686,Users Networks
obj_03096,Users Networks
obj_04132,Users Networks
obj_03169,Users Networks
obj_04342,Users Networks
obj_04692,Users Networks
obj_04654,Users Networks
obj_04224,Users Networks
obj_04969,Users Networks
obj_04020,Users Networks
obj_04437,Users Networks
obj_03710,Users Networks
obj_03547,Users Networks
obj_05178,Users Networks
obj_04614,Users Networks
obj_03095,Users Networks
obj_03739,Users Networks
obj_03177,Users Networks
obj_03079,Users Networks
obj_04431,Users Networks
obj_05160,Users Networks
obj_05058,Users Networks
obj_04910,Users Networks
obj_04770,Users Networks
obj_04905,Users Networks
obj_03393,Users Networks
obj_04486,Users Networks
obj_05031,Users Networks
obj_04777,Users Networks
obj_04390,Users Networks
obj_04267,Users Networks
obj_03731,Users Networks
obj_04150,Users Networks
obj_04647,Users Networks
obj_05065,Users Networks
obj_03262,Users Networks
obj_03465,Users Networks
obj_04630,Users Networks
obj_03379,Users Networks
obj_04642,Users Networks
obj_04191,Users Networks
obj_04736,Users Networks
obj_03502,Users Networks
obj_04077,Users Networks
obj_05182,Users Networks
obj_03179,Users Networks
obj_03990,Users Networks
obj_04258,Users Networks
obj_04735,Users Networks
obj_04004,Users Networks
obj_04682,Users Networks
obj_04506,Users Networks
obj_04356,Users Networks
obj_04119,Users Networks
obj_05196,Users Networks
obj_03051,Users Networks
obj_04788,Users Networks
obj_04859,Users Networks
obj_03336,Users Networks
obj_03553,Users Networks
obj_03977,Users Networks
obj_03558,Users Networks
obj_04869,Users Networks
obj_04170,Users Networks
obj_03005,Users Networks
obj_05177,Users Networks
obj_03090,Users Networks
obj_03865,Users Networks
obj_03840,Users Networks
obj_03887,Users Networks
obj_03124,Users Networks
obj_03282,Users Networks
obj_05090,Users Networks
obj_04468,Users Networks
obj_04315,Users Networks
obj_04092,Users Networks
obj_05149,Users Networks
obj_03106,Users Networks
obj_03162,Users Networks
obj_03527,Users Networks
obj_04744,Users Networks
obj_03551,Users Networks
obj_03356,Users Networks
obj_04906,Users Networks
obj_03750,Users Networks
obj_03026,Users Networks
obj_03238,Users Networks
obj_04465,Users Networks
obj_04190,Users Networks
obj_04923,Users Networks
obj_03581,Users Networks
obj_05242,Users Networks
obj_04655,Users Networks
obj_04700,Users Networks
obj_04651,Users Networks
obj_03929,Users Networks
obj_04537,Users Networks
obj_05115,Users Networks
obj_03158,Users Networks
obj_04252,Users Networks
obj_03931,Users Networks
obj_04346,Users Networks
obj_04118,Users Networks
obj_03818,Users Networks
obj_03160,Users Networks
obj_03883,Users Networks
obj_05096,Users Networks
obj_03740,Users Networks
obj_03052,Users Networks
obj_05230,Users Networks
obj_04613,Users Networks
obj_04316,Users Networks
obj_04511,Users Networks
obj_04952,Users Networks
obj_04062,Users Networks
obj_05153,Users Networks
obj_03467,Users Networks
obj_04365,Users Networks
obj_03714,Users Networks
obj_04100,Users Networks
obj_03112,Users Networks
obj_03057,Users Networks
obj_03193,Users Networks
obj_04377,Users Networks
obj_03445,Users Networks
obj_03991,Users Networks
obj_04225,Users Networks
obj_03382,Users Networks
obj_04030,Users Networks
obj_05030,Users Networks
obj_03541,Users Networks
obj_04035,Users Networks
obj_05089,Users Networks
obj_03817,Users Networks
obj_03016,Users Networks
obj_04212,Users Networks
obj_05202,Users Networks
obj_03872,Users Networks
obj_05035,Users Networks
obj_03429,Users Networks
obj_04329,Users Networks
obj_04791,Users Networks
obj_03470,Users Networks
obj_04167,Users Networks
obj_03396,Users Networks
obj_04673,Users Networks
obj_03620,Users Networks
obj_04662,Users Networks
obj_05043,Users Networks
obj_03384,Users Networks
obj_03671,Users Networks
obj_05000,Users Networks
obj_05262,Users Networks
obj_04344,Users Networks
obj_04296,Users Networks
obj_03503,Users Networks
obj_04343,Users Networks
obj_03285,Users Networks
obj_03399,Users Networks
obj_03729,Users Networks
obj_04293,Users Networks
obj_03268,Users Networks
obj_04134,Users Networks
obj_04113,Users Networks
obj_03118,Users Networks
obj_04110,Users Networks
obj_04557,Users Networks
obj_04501,Users Networks
obj_03125,Users Networks
obj_04031,Users Networks
obj_03882,Users Networks
obj_03063,Users Networks
obj_04209,Users Networks
obj_04578,Users Networks
obj_05291,Users Networks
obj_03513,Users Networks
obj_03401,Users Networks
obj_03150,Users Networks
obj_05185,Users Networks
obj_03366,Users Networks
obj_03437,Users Networks
obj_04279,Users Networks
obj_04724,Users Networks
obj_05162,Users Networks
obj_04885,Users Networks
obj_05235,Users Networks
obj_03332,Users Networks
obj_04847,Users Networks
obj_04771,Users Networks
obj_04535,Users Networks
obj_04447,Users Networks
obj_03020,Users Networks
obj_04327,Users Networks
obj_03218,Users Networks
obj_04176,Users Networks
obj_05269,Users Networks
obj_04101,Users Networks
obj_03778,Users Networks
obj_04909,Users Networks
obj_05143,Users Networks
obj_04626,Users Networks
obj_03905,Users Networks
obj_04274,Users Networks
obj_03836,Users Networks
obj_03229,Users Networks
obj_03925,Users Networks
obj_03844,Users Networks
obj_03053,Users Networks
obj_03624,Users Networks
obj_03540,Users Networks
obj_05053,Users Networks
obj_03330,Users Networks
obj_04974,Users Networks
obj_04052,Users Networks
obj_05222,Users Networks
obj_03757,Users Networks
obj_03161,Users Networks
obj_04657,Users Networks
obj_03496,Users Networks
obj_04898,Users Networks
obj_04596,Users Networks
obj_03250,Users Networks
obj_03950,Users Networks
obj_03274,Users Networks
obj_03993,Users Networks
obj_04835,Users Networks
obj_04990,Users Networks
obj_03331,Users Networks
obj_03361,Users Networks
obj_04152,Users Networks
obj_03530,Users Networks
obj_04767,Users Networks
obj_04648,Users Networks
obj_03976,Users Networks
obj_03247,Users Networks
obj_04091,Users Networks
obj_04357,Users Networks
obj_03880,Users Networks
obj_03313,Users Networks
obj_05125,Users Networks
obj_04670,Users Networks
obj_04980,Users Networks
obj_05006,Users Networks
obj_04975,Users Networks
obj_03374,Users Networks
obj_04158,Users Networks
obj_04740,Users Networks
obj_04937,Users Networks
obj_04029,Users Networks
obj_04845,Users Networks
obj_04058,Users Networks
obj_04846,Users Networks
obj_04131,Users Networks
obj_03533,Users Networks
obj_04784,Users Networks
obj_03930,Users Networks
obj_03203,Users Networks
obj_03546,Users Networks
obj_03619,Users Networks
obj_03796,Users Networks
obj_04554,Users Networks
obj_05144,Users Networks
obj_04013,Users Networks
obj_04391,Users Networks
obj_04159,Users Networks
obj_03154,Users Networks
obj_04865,Users Networks
obj_03346,Users Networks
obj_04666,Users Networks
obj_04120,Users Networks
obj_04434,Users Networks
obj_05002,Users Networks
obj_03585,Users Networks
obj_04423,Users Networks
obj_03240,Users Networks
obj_03440,Users Networks
obj_03864,Users Networks
obj_04567,Users Networks
obj_03307,Users Networks
obj_03630,Users Networks
obj_04168,Users Networks
obj_04260,Users Networks
obj_04749,Users Networks
obj_04971,Users Networks
obj_03301,Users Networks
obj_05028,Users Networks
obj_03770,Users Networks
obj_03498,Users Networks
obj_03325,Users Networks
obj_03105,Users Networks
obj_03468,Users Networks
obj_04364,Users Networks
obj_04443,Users Networks
obj_03640,Users Networks
obj_03586,Users Networks
obj_03802,Users Networks
obj_03879,Users Networks
obj_05155,Users Networks
obj_03397,Users Networks
obj_03518,Users Networks
obj_03769,Users Networks
obj_03996,Users Networks
obj_04591,Users Networks
obj_04398,Users Networks
obj_03939,Users Networks
obj_04908,Users Networks
obj_04981,Users Networks
obj_04276,Users Networks
obj_03103,Users Networks
obj_04783,Users Networks
obj_03463,Users Networks
obj_04550,Users Networks
obj_04060,Users Networks
obj_05295,Users Networks
obj_04841,Users Networks
obj_04624,Users Networks
obj_03849,Users Networks
obj_04351,Users Networks
obj_04653,Users Networks
obj_04314,Users Networks
obj_03031,Users Networks
obj_05133,Users Networks
obj_03107,Users Networks
obj_04281,Users Networks
obj_03171,Users Networks
obj_04519,Users Networks
obj_03094,Users Networks
obj_04546,Users Networks
obj_03084,Users Networks
obj_04038,Users Networks
obj_04902,Users Networks
obj_03131,Users Networks
obj_04063,Users Networks
obj_03766,Users Networks
obj_03062,Users Networks
obj_05051,Users Networks
obj_04548,Users Networks
obj_03175,Users Networks
obj_04229,Users Networks
obj_04715,Users Networks
obj_03722,Users Networks
obj_03291,Users Networks
obj_05194,Users Networks
obj_03711,Users Networks
obj_03147,Users Networks
obj_03055,Users Networks
obj_04583,Users Networks
obj_05060,Users Networks
obj_03528,Users Networks
obj_05072,Users Networks
obj_03113,Users Networks
obj_04962,Users Networks
obj_04813,Users Networks
obj_04819,Users Networks
obj_03567,Users Networks
obj_03795,Users Networks
obj_03520,Users Networks
obj_03173,Users Networks
obj_04864,Users Networks
obj_04259,Users Networks
obj_03115,Users Networks
obj_04732,Users Networks
obj_04761,Users Networks
obj_04628,Users Networks
obj_04574,Users Networks
obj_03377,Users Networks
obj_04766,Users Networks
obj_04765,Users Networks
obj_04139,Users Networks
obj_04094,Users Networks
obj_03367,Users Networks
obj_05122,Users Networks
obj_04026,Users Networks
obj_03974,Users Networks
obj_04751,Users Networks
obj_04839,Users Networks
obj_04747,Users Networks
obj_04701,Users Networks
obj_04529,Users Networks
obj_04306,Users Networks
obj_03831,Users Networks
obj_04516,Users Networks
obj_05200,Users Networks
obj_03435,Users Networks
obj_04149,Users Networks
obj_03500,Users Networks
obj_03478,Users Networks
obj_03434,Users Networks
obj_05175,Users Networks
obj_04403,Users Networks
obj_03803,Users Networks
obj_03296,Users Networks
obj_03876,Users Networks
obj_03099,Users Networks
obj_05101,Users Networks
obj_03246,Users Networks
obj_03692,Users Networks
obj_04729,Users Networks
obj_05074,Users Networks
obj_04991,Users Networks
obj_03695,Users Networks
obj_04137,Users Networks
obj_03371,Users Networks
obj_05049,Users Networks
obj_04075,Users Networks
obj_03416,Users Networks
obj_04093,Users Networks
obj_05158,Users Networks
obj_03747,Users Networks
obj_04566,Users Networks
obj_04494,Users Networks
obj_03997,Users Networks
obj_03515,Users Networks
obj_04024,Users Networks
obj_04473,Users Networks
obj_04629,Users Networks
obj_03949,Users Networks
obj_05146,Users Networks
obj_04453,Users Networks
obj_03830,Users Networks
obj_04112,Users Networks
obj_05212,Users Networks
obj_05032,Users Networks
obj_03648,Users Networks
obj_05005,Users Networks
obj_04778,Users Networks
obj_05172,Users Networks
obj_04723,Users Networks
obj_03142,Users Networks
obj_04430,Users Networks
obj_05134,Users Networks
obj_04601,Users Networks
obj_04640,Users Networks
obj_03521,Users Networks
obj_03953,Users Networks
obj_03490,Users Networks
obj_04355,Users Networks
obj_03852,Users Networks
obj_04455,Users Networks
obj_04310,Users Networks
obj_05084,Users Networks
obj_03072,Users Networks
obj_04605,Users Networks
obj_04202,Users Networks
obj_04039,Users Networks
obj_03426,Users Networks
obj_04680,Users Networks
obj_03744,Users Networks
obj_05041,Users Networks
obj_03018,Users Networks
obj_04362,Users Networks
obj_04161,Users Networks
obj_03273,Users Networks
obj_04425,Users Networks
obj_04763,Users Networks
obj_04671,Users Networks
obj_05259,Users Networks
obj_04824,Users Networks
obj_04560,Users Networks
obj_03395,Users Networks
obj_04911,Users Networks
obj_03761,Users Networks
obj_03372,Users Networks
obj_04577,Users Networks
obj_05226,Users Networks
obj_03590,Users Networks
obj_04388,Users Networks
obj_04257,Users Networks
obj_05244,Users Networks
obj_04331,Users Networks
obj_03174,Users Networks
obj_04600,Users Networks
obj_04189,Users Networks
obj_05228,Users Networks
obj_03923,Users Networks
obj_04493,Users Networks
obj_05118,Users Networks
obj_03807,Users Networks
obj_03952,Users Networks
obj_03223,Users Networks
obj_04002,Users Networks
obj_05220,Users Networks
obj_03667,Users Networks
obj_04837,Users Networks
obj_04928,Users Networks
obj_03733,Users Networks
obj_04995,Users Networks
obj_04432,Users Networks
obj_04471,Users Networks
obj_03524,Users Networks
obj_04307,Users Networks
obj_04521,Users Networks
obj_03151,Users Networks
obj_04871,Users Networks
obj_05037,Users Networks
obj_05263,Users Networks
obj_04810,Users Networks
obj_03459,Users Networks
obj_03573,Users Networks
obj_03508,Users Networks
obj_04262,Users Networks
obj_04993,Users Networks
obj_03826,Users Networks
obj_05297,Users Networks
obj_04034,Users Networks
obj_04145,Users Networks
obj_04836,Users Networks
obj_04080,Users Networks
obj_03563,Users Networks
obj_04713,Users Networks
obj_04921,Users Networks
obj_04892,Users Networks
obj_03583,Users Networks
obj_03842,Users Networks
obj_03523,Users Networks
obj_03937,Users Networks
obj_04992,Users Networks
obj_04552,Users Networks
obj_04248,Users Networks
obj_03448,Users Networks
obj_04842,Users Networks
obj_04913,Users Networks
obj_04169,Users Networks
obj_04192,Users Networks
obj_04418,Users Networks
obj_04226,Users Networks
obj_03312,Users Networks
obj_03302,Users Networks
obj_03940,Users Networks
obj_04182,Users Networks
obj_05298,Users Networks
obj_04056,Users Networks
obj_03854,Users Networks
obj_05268,Users Networks
obj_04545,Users Networks
obj_04586,Users Networks
obj_03607,Users Networks
obj_03618,Users Networks
obj_03798,Users Networks
obj_05014,Users Networks
obj_03603,Users Networks
obj_03061,Users Networks
obj_03140,Users Networks
obj_05066,Users Networks
obj_03391,Users Networks
obj_03642,Users Networks
obj_03606,Users Networks
obj_03488,Users Networks
obj_03753,Users Networks
obj_03156,Users Networks
obj_03961,Users Networks
obj_04827,Users Networks
obj_04173,Users Networks
obj_05267,Users Networks
obj_03272,Users Networks
obj_03476,Users Networks
obj_03903,Users Networks
obj_03870,Users Networks
obj_04424,Users Networks
obj_03850,Users Networks
obj_04054,Users Networks
obj_05895,gp_T1_DMZ_private
obj_05356,gp_T1_DMZ_private
obj_06125,gp_T1_DMZ_private
obj_05361,gp_T1_DMZ_private
obj_05427,gp_T1_DMZ_private
obj_05384,gp_T1_DMZ_private
obj_06003,gp_T1_DMZ_private
obj_06019,gp_T1_DMZ_private
obj_06052,gp_T1_DMZ_private
obj_06457,gp_T1_DMZ_private
obj_06078,gp_T1_DMZ_private
obj_06253,gp_T1_DMZ_private
obj_06502,gp_T1_DMZ_private
obj_06552,gp_T1_DMZ_private
obj_06267,gp_T1_DMZ_private
obj_05939,gp_T1_DMZ_private
obj_06276,gp_T1_DMZ_private
obj_06328,gp_T1_DMZ_private
obj_06341,gp_T1_DMZ_private
obj_06570,gp_T1_DMZ_private
obj_06364,gp_T1_DMZ_private
obj_05512,gp_T1_DMZ_private
obj_05721,gp_T1_DMZ_private
obj_06050,gp_T1_DMZ_private
obj_06305,gp_T1_DMZ_private
obj_06517,gp_T1_DMZ_private
obj_05506,gp_T1_DMZ_private
obj_06277,gp_T1_DMZ_private
obj_06481,gp_T1_DMZ_private
obj_06519,gp_T1_DMZ_private
obj_05336,gp_T1_DMZ_private
obj_05728,gp_T1_DMZ_private
obj_06346,gp_T1_DMZ_private
obj_06639,gp_T1_DMZ_private
obj_06073,gp_T1_DMZ_private
obj_06299,gp_T1_DMZ_private
obj_06733,gp_T1_DMZ_private
obj_06343,gp_T1_DMZ_private
obj_06357,gp_T1_DMZ_private
obj_06730,gp_T1_DMZ_private
obj_05577,gp_T1_DMZ_private
obj_05621,gp_T1_DMZ_private
obj_06075,gp_T1_DMZ_private
obj_06498,gp_T1_DMZ_private
obj_05885,gp_T1_DMZ_private
obj_06348,gp_T1_DMZ_private
obj_05614,gp_T1_DMZ_private
obj_05684,gp_T1_DMZ_private
obj_06714,gp_T1_DMZ_private
obj_05665,gp_T1_DMZ_private
obj_05365,gp_T1_DMZ_private
obj_06072,gp_T1_DMZ_private
obj_05454,gp_T1_DMZ_private
obj_05802,gp_T1_DMZ_private
obj_06579,gp_T1_DMZ_private
obj_06113,gp_T1_DMZ_private
obj_05374,gp_T1_DMZ_private
obj_06290,gp_T1_DMZ_private
obj_06180,gp_T1_DMZ_private
obj_05634,gp_T1_DMZ_private
obj_05712,gp_T1_DMZ_private
obj_05987,gp_T1_DMZ_private
obj_05588,gp_T1_DMZ_private
obj_05747,gp_T1_DMZ_private
obj_06397,gp_T1_DMZ_private
obj_06782,gp_T1_DMZ_private
obj_05756,gp_T1_DMZ_private
obj_05797,gp_T1_DMZ_private
obj_06528,gp_T1_DMZ_private
obj_05702,gp_T1_DMZ_private
obj_05691,gp_T1_DMZ_private
obj_05851,gp_T1_DMZ_private
obj_06232,gp_T1_DMZ_private
obj_05458,gp_T1_DMZ_private
obj_06226,gp_T1_DMZ_private
obj_05827,gp_T1_DMZ_private
obj_06313,gp_T1_DMZ_private
obj_05637,gp_T1_DMZ_private
obj_06510,gp_T1_DMZ_private
obj_06491,gp_T1_DMZ_private
obj_05960,gp_T1_DMZ_private
obj_05442,gp_T1_DMZ_private
obj_06231,gp_T1_DMZ_private
obj_06136,gp_T1_DMZ_private
obj_06509,gp_T1_DMZ_private
obj_06382,gp_T1_DMZ_private
obj_05994,gp_T1_DMZ_private
obj_05897,gp_T1_DMZ_private
obj_06513,gp_T1_DMZ_private
obj_06034,gp_T1_DMZ_private
obj_06499,gp_T1_DMZ_private
obj_05811,gp_T1_DMZ_private
obj_06116,gp_T1_DMZ_private
obj_05499,gp_T1_DMZ_private
obj_06017,gp_T1_DMZ_private
obj_05823,gp_T1_DMZ_private
obj_05774,gp_T1_DMZ_private
obj_05613,gp_T1_DMZ_private
obj_05957,gp_T1_DMZ_private
obj_06049,gp_T1_DMZ_private
obj_05603,gp_T1_DMZ_private
obj_06010,gp_T1_DMZ_private
obj_06188,gp_T1_DMZ_private
obj_05527,gp_T1_DMZ_private
obj_06170,gp_T1_DMZ_private
obj_05716,gp_T1_DMZ_private
obj_05398,gp_T1_DMZ_private
obj_05879,gp_T1_DMZ_private
obj_06663,gp_T1_DMZ_private
obj_05405,gp_T1_DMZ_private
obj_06588,gp_T1_DMZ_private
obj_06138,gp_T1_DMZ_private
obj_05781,gp_T1_DMZ_private
obj_05541,gp_T1_DMZ_private
obj_06220,gp_T1_DMZ_private
obj_06478,gp_T1_DMZ_private
obj_05706,gp_T1_DMZ_private
obj_06658,gp_T1_DMZ_private
obj_06631,gp_T1_DMZ_private
obj_05569,gp_T1_DMZ_private
obj_05477,gp_T1_DMZ_private
obj_06760,gp_T1_DMZ_private
obj_06278,gp_T1_DMZ_private
obj_06260,gp_T1_DMZ_private
obj_06209,gp_T1_DMZ_private
obj_05497,gp_T1_DMZ_private
obj_06434,gp_T1_DMZ_private
obj_05312,gp_T1_DMZ_private
obj_06428,gp_T1_DMZ_private
obj_06624,gp_T1_DMZ_private
obj_06766,gp_T1_DMZ_private
obj_05919,gp_T1_DMZ_private
obj_06649,gp_T1_DMZ_private
obj_05345,gp_T1_DMZ_private
obj_05793,gp_T1_DMZ_private
obj_05748,gp_T1_DMZ_private
obj_05755,gp_T1_DMZ_private
obj_06224,gp_T1_DMZ_private
obj_05927,gp_T1_DMZ_private
obj_05929,gp_T1_DMZ_private
obj_06468,gp_T1_DMZ_private
obj_06107,gp_T1_DMZ_private
obj_06514,gp_T1_DMZ_private
obj_05428,gp_T1_DMZ_private
obj_05323,gp_T1_DMZ_private
obj_05913,gp_T1_DMZ_private
obj_05320,gp_T1_DMZ_private
obj_06500,gp_T1_DMZ_private
obj_06187,gp_T1_DMZ_private
obj_06721,gp_T1_DMZ_private
obj_06427,gp_T1_DMZ_private
obj_06216,gp_T1_DMZ_private
obj_06347,gp_T1_DMZ_private
obj_05420,gp_T1_DMZ_private
obj_05559,gp_T1_DMZ_private
obj_05835,gp_T1_DMZ_private
obj_05591,gp_T1_DMZ_private
obj_05524,gp_T1_DMZ_private
obj_05404,gp_T1_DMZ_private
obj_05370,gp_T1_DMZ_private
obj_05441,gp_T1_DMZ_private
obj_05757,gp_T1_DMZ_private
obj_05546,gp_T1_DMZ_private
obj_05810,gp_T1_DMZ_private
obj_06572,gp_T1_DMZ_private
obj_06452,gp_T1_DMZ_private
obj_05779,gp_T1_DMZ_private
obj_06407,gp_T1_DMZ_private
obj_05740,gp_T1_DMZ_private
obj_06703,gp_T1_DMZ_private
obj_05368,gp_T1_DMZ_private
obj_06713,gp_T1_DMZ_private
obj_06709,gp_T1_DMZ_private
obj_06467,gp_T1_DMZ_private
obj_06076,gp_T1_DMZ_private
obj_06064,gp_T1_DMZ_private
obj_06002,gp_T1_DMZ_private
obj_05385,gp_T1_DMZ_private
obj_06123,gp_T1_DMZ_private
obj_06303,gp_T1_DMZ_private
obj_06445,gp_T1_DMZ_private
obj_05787,gp_T1_DMZ_private
obj_06219,gp_T1_DMZ_private
obj_06488,gp_T1_DMZ_private
obj_05355,gp_T1_DMZ_private
obj_06309,gp_T1_DMZ_private
obj_06062,gp_T1_DMZ_private
obj_05869,gp_T1_DMZ_private
obj_06768,gp_T1_DMZ_private
obj_05386,gp_T1_DMZ_private
obj_06269,gp_T1_DMZ_private
obj_05620,gp_T1_DMZ_private
obj_05585,gp_T1_DMZ_private
obj_05321,gp_T1_DMZ_private
obj_05553,gp_T1_DMZ_private
obj_05536,gp_T1_DMZ_private
obj_05765,gp_T1_DMZ_private
obj_06430,gp_T1_DMZ_private
obj_06670,gp_T1_DMZ_private
obj_06059,gp_T1_DMZ_private
obj_06176,gp_T1_DMZ_private
obj_06301,gp_T1_DMZ_private
obj_06558,gp_T1_DMZ_private
obj_06425,gp_T1_DMZ_private
obj_05782,gp_T1_DMZ_private
obj_05594,gp_T1_DMZ_private
obj_05809,gp_T1_DMZ_private
obj_05770,gp_T1_DMZ_private
obj_06105,gp_T1_DMZ_private
obj_06021,gp_T1_DMZ_private
obj_06392,gp_T1_DMZ_private
obj_06376,gp_T1_DMZ_private
obj_06621,gp_T1_DMZ_private
obj_06793,gp_T1_DMZ_private
obj_06288,gp_T1_DMZ_private
obj_06026,gp_T1_DMZ_private
obj_06119,gp_T1_DMZ_private
obj_05670,gp_T1_DMZ_private
obj_05433,gp_T1_DMZ_private
obj_06530,gp_T1_DMZ_private
obj_06453,gp_T1_DMZ_private
obj_05744,gp_T1_DMZ_private
obj_06326,gp_T1_DMZ_private
obj_06480,gp_T1_DMZ_private
obj_05532,gp_T1_DMZ_private
obj_05515,gp_T1_DMZ_private
obj_06102,gp_T1_DMZ_private
obj_05349,gp_T1_DMZ_private
obj_06707,gp_T1_DMZ_private
obj_06081,gp_T1_DMZ_private
obj_06585,gp_T1_DMZ_private
obj_05543,gp_T1_DMZ_private
obj_06080,gp_T1_DMZ_private
obj_06166,gp_T1_DMZ_private
obj_05311,gp_T1_DMZ_private
obj_05412,gp_T1_DMZ_private
obj_05426,gp_T1_DMZ_private
obj_06020,gp_T1_DMZ_private
obj_06589,gp_T1_DMZ_private
obj_05982,gp_T1_DMZ_private
obj_05752,gp_T1_DMZ_private
obj_06553,gp_T1_DMZ_private
obj_05632,gp_T1_DMZ_private
obj_05486,gp_T1_DMZ_private
obj_06616,gp_T1_DMZ_private
obj_06536,gp_T1_DMZ_private
obj_06229,gp_T1_DMZ_private
obj_05476,gp_T1_DMZ_private
obj_05500,gp_T1_DMZ_private
obj_06790,gp_T1_DMZ_private
obj_05674,gp_T1_DMZ_private
obj_06472,gp_T1_DMZ_private
obj_06795,gp_T1_DMZ_private
obj_06335,gp_T1_DMZ_private
obj_05461,gp_T1_DMZ_private
obj_06651,gp_T1_DMZ_private
obj_05739,gp_T1_DMZ_private
obj_06261,gp_T1_DMZ_private
obj_06451,gp_T1_DMZ_private
obj_06612,gp_T1_DMZ_private
obj_05490,gp_T1_DMZ_private
obj_05972,gp_T1_DMZ_private
obj_06164,gp_T1_DMZ_private
obj_06581,gp_T1_DMZ_private
obj_05762,gp_T1_DMZ_private
obj_06555,gp_T1_DMZ_private
obj_06048,gp_T1_DMZ_private
obj_06046,gp_T1_DMZ_private
obj_06527,gp_T1_DMZ_private
obj_05510,gp_T1_DMZ_private
obj_05424,gp_T1_DMZ_private
obj_05991,gp_T1_DMZ_private
obj_05833,gp_T1_DMZ_private
obj_05875,gp_T1_DMZ_private
obj_06786,gp_T1_DMZ_private
obj_05786,gp_T1_DMZ_private
obj_05829,gp_T1_DMZ_private
obj_05923,gp_T1_DMZ_private
obj_05479,gp_T1_DMZ_private
obj_06773,gp_T1_DMZ_private
obj_06053,gp_T1_DMZ_private
obj_06628,gp_T1_DMZ_private
obj_06167,gp_T1_DMZ_private
obj_05732,gp_T1_DMZ_private
obj_05703,gp_T1_DMZ_private
obj_05753,gp_T1_DMZ_private
obj_05999,gp_T1_DMZ_private
obj_05650,gp_T1_DMZ_private
obj_06497,gp_T1_DMZ_private
obj_05936,gp_T1_DMZ_private
obj_05871,gp_T1_DMZ_private
obj_05465,gp_T1_DMZ_private
obj_05820,gp_T1_DMZ_private
obj_06647,gp_T1_DMZ_private
obj_05789,gp_T1_DMZ_private
obj_05351,gp_T1_DMZ_private
obj_05745,gp_T1_DMZ_private
obj_05587,gp_T1_DMZ_private
obj_06779,gp_T1_DMZ_private
obj_05590,gp_T1_DMZ_private
obj_06692,gp_T1_DMZ_private
obj_05941,gp_T1_DMZ_private
obj_06271,gp_T1_DMZ_private
obj_05796,gp_T1_DMZ_private
obj_06242,gp_T1_DMZ_private
obj_06404,gp_T1_DMZ_private
obj_06304,gp_T1_DMZ_private
obj_06678,gp_T1_DMZ_private
obj_05628,gp_T1_DMZ_private
obj_06596,gp_T1_DMZ_private
obj_06690,gp_T1_DMZ_private
obj_06159,gp_T1_DMZ_private
obj_06297,gp_T1_DMZ_private
obj_06486,gp_T1_DMZ_private
obj_06746,gp_T1_DMZ_private
obj_06051,gp_T1_DMZ_private
obj_05798,gp_T1_DMZ_private
obj_05552,gp_T1_DMZ_private
obj_06563,gp_T1_DMZ_private
obj_06388,gp_T1_DMZ_private
obj_06362,gp_T1_DMZ_private
obj_06601,gp_T1_DMZ_private
obj_05808,gp_T1_DMZ_private
obj_06722,gp_T1_DMZ_private
obj_06577,gp_T1_DMZ_private
obj_05346,gp_T1_DMZ_private
obj_05837,gp_T1_DMZ_private
obj_06681,gp_T1_DMZ_private
obj_06200,gp_T1_DMZ_private
obj_06103,gp_T1_DMZ_private
obj_05751,gp_T1_DMZ_private
obj_06798,gp_T1_DMZ_private
obj_05834,gp_T1_DMZ_private
obj_05760,gp_T1_DMZ_private
obj_05818,gp_T1_DMZ_private
obj_05771,gp_T1_DMZ_private
obj_05948,gp_T1_DMZ_private
obj_05601,gp_T1_DMZ_private
obj_05689,gp_T1_DMZ_private
obj_05977,gp_T1_DMZ_private
obj_06736,gp_T1_DMZ_private
obj_05694,gp_T1_DMZ_private
obj_06671,gp_T1_DMZ_private
obj_05317,gp_T1_DMZ_private
obj_05696,gp_T1_DMZ_private
obj_05371,gp_T1_DMZ_private
obj_06619,gp_T1_DMZ_private
obj_05616,gp_T1_DMZ_private
obj_06065,gp_T1_DMZ_private
obj_06321,gp_T1_DMZ_private
obj_06134,gp_T1_DMZ_private
obj_06150,gp_T1_DMZ_private
obj_06717,gp_T1_DMZ_private
obj_05737,gp_T1_DMZ_private
obj_05489,gp_T1_DMZ_private
obj_05847,gp_T1_DMZ_private
obj_05435,gp_T1_DMZ_private
obj_05593,gp_T1_DMZ_private
obj_05608,gp_T1_DMZ_private
obj_05575,gp_T1_DMZ_private
obj_06550,gp_T1_DMZ_private
obj_05928,gp_T1_DMZ_private
obj_05513,gp_T1_DMZ_private
obj_05314,gp_T1_DMZ_private
obj_06399,gp_T1_DMZ_private
obj_05369,gp_T1_DMZ_private
obj_05926,gp_T1_DMZ_private
obj_06610,gp_T1_DMZ_private
obj_05653,gp_T1_DMZ_private
obj_06561,gp_T1_DMZ_private
obj_05417,gp_T1_DMZ_private
obj_05350,gp_T1_DMZ_private
obj_06350,gp_T1_DMZ_private
obj_06323,gp_T1_DMZ_private
obj_06055,gp_T1_DMZ_private
obj_06689,gp_T1_DMZ_private
obj_05445,gp_T1_DMZ_private
obj_05443,gp_T1_DMZ_private
obj_05519,gp_T1_DMZ_private
obj_06554,gp_T1_DMZ_private
obj_06009,gp_T1_DMZ_private
obj_06522,gp_T1_DMZ_private
obj_06604,gp_T1_DMZ_private
obj_05908,gp_T1_DMZ_private
obj_06092,gp_T1_DMZ_private
obj_06767,gp_T1_DMZ_private
obj_06140,gp_T1_DMZ_private
obj_05551,gp_T1_DMZ_private
obj_06666,gp_T1_DMZ_private
obj_06728,gp_T1_DMZ_private
obj_05622,gp_T1_DMZ_private
obj_06331,gp_T1_DMZ_private
obj_06642,gp_T1_DMZ_private
obj_06029,gp_T1_DMZ_private
obj_05865,gp_T1_DMZ_private
obj_05660,gp_T1_DMZ_private
obj_06327,gp_T1_DMZ_private
obj_06056,gp_T1_DMZ_private
obj_05583,gp_T1_DMZ_private
obj_06757,gp_T1_DMZ_private
obj_05704,gp_T1_DMZ_private
obj_05846,gp_T1_DMZ_private
obj_06161,gp_T1_DMZ_private
obj_06184,gp_T1_DMZ_private
obj_05343,gp_T1_DMZ_private
obj_06329,gp_T1_DMZ_private
obj_06436,gp_T1_DMZ_private
obj_05518,gp_T1_DMZ_private
obj_06673,gp_T1_DMZ_private
obj_06155,gp_T1_DMZ_private
obj_06275,gp_T1_DMZ_private
obj_06741,gp_T1_DMZ_private
obj_06593,gp_T1_DMZ_private
obj_06484,gp_T1_DMZ_private
obj_05841,gp_T1_DMZ_private
obj_05363,gp_T1_DMZ_private
obj_05975,gp_T1_DMZ_private
obj_06761,gp_T1_DMZ_private
obj_06408,gp_T1_DMZ_private
obj_05815,gp_T1_DMZ_private
obj_06359,gp_T1_DMZ_private
obj_06145,gp_T1_DMZ_private
obj_05662,gp_T1_DMZ_private
obj_06443,gp_T1_DMZ_private
obj_06402,gp_T1_DMZ_private
obj_06731,gp_T1_DMZ_private
obj_05633,gp_T1_DMZ_private
obj_06796,gp_T1_DMZ_private
obj_05896,gp_T1_DMZ_private
obj_06544,gp_T1_DMZ_private
obj_07652,gp_T3_Database
obj_07323,gp_T3_Database
obj_06889,gp_T3_Database
obj_07269,gp_T3_Database
obj_07881,gp_T3_Database
obj_07740,gp_T3_Database
obj_07152,gp_T3_Database
obj_06888,gp_T3_Database
obj_06851,gp_T3_Database
obj_07747,gp_T3_Database
obj_06998,gp_T3_Database
obj_06905,gp_T3_Database
obj_07016,gp_T3_Database
obj_06914,gp_T3_Database
obj_07840,gp_T3_Database
obj_06900,gp_T3_Database
obj_07145,gp_T3_Database
obj_06999,gp_T3_Database
obj_07852,gp_T3_Database
obj_07530,gp_T3_Database
obj_07454,gp_T3_Database
obj_07632,gp_T3_Database
obj_07677,gp_T3_Database
obj_07371,gp_T3_Database
obj_07338,gp_T3_Database
obj_07936,gp_T3_Database
obj_07223,gp_T3_Database
obj_07841,gp_T3_Database
obj_07931,gp_T3_Database
obj_07183,gp_T3_Database
obj_07453,gp_T3_Database
obj_06896,gp_T3_Database
obj_07346,gp_T3_Database
obj_07368,gp_T3_Database
obj_07526,gp_T3_Database
obj_07784,gp_T3_Database
obj_07560,gp_T3_Database
obj_06993,gp_T3_Database
obj_06935,gp_T3_Database
obj_06895,gp_T3_Database
obj_06863,gp_T3_Database
obj_07892,gp_T3_Database
obj_07504,gp_T3_Database
obj_07728,gp_T3_Database
obj_07929,gp_T3_Database
obj_07392,gp_T3_Database
obj_07375,gp_T3_Database
obj_07544,gp_T3_Database
obj_07648,gp_T3_Database
obj_07502,gp_T3_Database
obj_07862,gp_T3_Database
obj_06870,gp_T3_Database
obj_07554,gp_T3_Database
obj_07816,gp_T3_Database
obj_07369,gp_T3_Database
obj_07567,gp_T3_Database
obj_07797,gp_T3_Database
obj_07252,gp_T3_Database
obj_07767,gp_T3_Database
obj_07760,gp_T3_Database
obj_07615,gp_T3_Database
obj_07749,gp_T3_Database
obj_07107,gp_T3_Database
obj_07983,gp_T3_Database
obj_07529,gp_T3_Database
obj_07958,gp_T3_Database
obj_07643,gp_T3_Database
obj_07612,gp_T3_Database
obj_07015,gp_T3_Database
obj_07603,gp_T3_Database
obj_07758,gp_T3_Database
obj_07105,gp_T3_Database
obj_07108,gp_T3_Database
obj_06807,gp_T3_Database
obj_07042,gp_T3_Database
obj_07613,gp_T3_Database
obj_07181,gp_T3_Database
obj_06884,gp_T3_Database
obj_07511,gp_T3_Database
obj_07103,gp_T3_Database
obj_07897,gp_T3_Database
obj_07235,gp_T3_Database
obj_06841,gp_T3_Database
obj_07248,gp_T3_Database
obj_07400,gp_T3_Database
obj_07821,gp_T3_Database
obj_07065,gp_T3_Database
obj_07838,gp_T3_Database
obj_07019,gp_T3_Database
obj_07109,gp_T3_Database
obj_07722,gp_T3_Database
obj_07365,gp_T3_Database
obj_07569,gp_T3_Database
obj_07264,gp_T3_Database
obj_07155,gp_T3_Database
obj_07386,gp_T3_Database
obj_07863,gp_T3_Database
obj_06951,gp_T3_Database
obj_07321,gp_T3_Database
obj_07494,gp_T3_Database
obj_07908,gp_T3_Database
obj_06923,gp_T3_Database
obj_07850,gp_T3_Database
obj_07045,gp_T3_Database
obj_07592,gp_T3_Database
obj_07806,gp_T3_Database
obj_07360,gp_T3_Database
obj_07332,gp_T3_Database
obj_07723,gp_T3_Database
obj_07556,gp_T3_Database
obj_07230,gp_T3_Database
obj_07611,gp_T3_Database
obj_07532,gp_T3_Database
obj_07987,gp_T3_Database
obj_07577,gp_T3_Database
obj_07781,gp_T3_Database
obj_07180,gp_T3_Database
obj_07527,gp_T3_Database
obj_07587,gp_T3_Database
obj_07979,gp_T3_Database
obj_07720,gp_T3_Database
obj_07620,gp_T3_Database
obj_06802,gp_T3_Database
obj_07878,gp_T3_Database
obj_07657,gp_T3_Database
obj_07444,gp_T3_Database
obj_07973,gp_T3_Database
obj_06996,gp_T3_Database
obj_07134,gp_T3_Database
obj_07533,gp_T3_Database
obj_07644,gp_T3_Database
obj_06995,gp_T3_Database
obj_07260,gp_T3_Database
obj_07789,gp_T3_Database
obj_07496,gp_T3_Database
obj_07138,gp_T3_Database
obj_07297,gp_T3_Database
obj_07028,gp_T3_Database
obj_07558,gp_T3_Database
obj_07923,gp_T3_Database
obj_07742,gp_T3_Database
obj_07732,gp_T3_Database
obj_07041,gp_T3_Database
obj_07764,gp_T3_Database
obj_07755,gp_T3_Database
obj_06859,gp_T3_Database
obj_06822,gp_T3_Database
obj_07951,gp_T3_Database
obj_07427,gp_T3_Database
obj_07165,gp_T3_Database
obj_07284,gp_T3_Database
obj_07312,gp_T3_Database
obj_06886,gp_T3_Database
obj_06965,gp_T3_Database
obj_06852,gp_T3_Database
obj_06909,gp_T3_Database
obj_07126,gp_T3_Database
obj_07736,gp_T3_Database
obj_07799,gp_T3_Database
obj_07585,gp_T3_Database
obj_07952,gp_T3_Database
obj_07274,gp_T3_Database
obj_07213,gp_T3_Database
obj_06943,gp_T3_Database
obj_07957,gp_T3_Database
obj_07330,gp_T3_Database
obj_07001,gp_T3_Database
obj_07698,gp_T3_Database
obj_07384,gp_T3_Database
obj_07911,gp_T3_Database
obj_07725,gp_T3_Database
obj_07817,gp_T3_Database
obj_07358,gp_T3_Database
obj_07848,gp_T3_Database
obj_07753,gp_T3_Database
obj_07117,gp_T3_Database
obj_07586,gp_T3_Database
obj_07476,gp_T3_Database
obj_07397,gp_T3_Database
obj_07824,gp_T3_Database
obj_06991,gp_T3_Database
obj_06985,gp_T3_Database
obj_07849,gp_T3_Database
obj_06819,gp_T3_Database
obj_07326,gp_T3_Database
obj_07362,gp_T3_Database
obj_07341,gp_T3_Database
obj_07407,gp_T3_Database
obj_07018,gp_T3_Database
obj_07380,gp_T3_Database
obj_07656,gp_T3_Database
obj_07489,gp_T3_Database
obj_07837,gp_T3_Database
obj_07115,gp_T3_Database
obj_07842,gp_T3_Database
obj_07047,gp_T3_Database
obj_07357,gp_T3_Database
obj_06906,gp_T3_Database
obj_07204,gp_T3_Database
obj_07745,gp_T3_Database
obj_06876,gp_T3_Database
obj_07519,gp_T3_Database
obj_07882,gp_T3_Database
obj_06873,gp_T3_Database
obj_06955,gp_T3_Database
obj_07751,gp_T3_Database
obj_07488,gp_T3_Database
obj_07571,gp_T3_Database
obj_06869,gp_T3_Database
obj_07210,gp_T3_Database
obj_06972,gp_T3_Database
obj_07262,gp_T3_Database
obj_07976,gp_T3_Database
obj_07778,gp_T3_Database
obj_07594,gp_T3_Database
obj_06930,gp_T3_Database
obj_07153,gp_T3_Database
obj_07726,gp_T3_Database
obj_07195,gp_T3_Database
obj_07281,gp_T3_Database
obj_07472,gp_T3_Database
obj_07215,gp_T3_Database
obj_07623,gp_T3_Database
obj_07961,gp_T3_Database
obj_07398,gp_T3_Database
obj_06883,gp_T3_Database
obj_07176,gp_T3_Database
obj_07992,gp_T3_Database
obj_07682,gp_T3_Database
obj_07174,gp_T3_Database
obj_07127,gp_T3_Database
obj_07342,gp_T3_Database
obj_07211,gp_T3_Database
obj_07818,gp_T3_Database
obj_07889,gp_T3_Database
obj_06956,gp_T3_Database
obj_07241,gp_T3_Database
obj_06918,gp_T3_Database
obj_07691,gp_T3_Database
obj_07518,gp_T3_Database
obj_07130,gp_T3_Database
obj_07771,gp_T3_Database
obj_07557,gp_T3_Database
obj_07515,gp_T3_Database
obj_07607,gp_T3_Database
obj_07819,gp_T3_Database
obj_07711,gp_T3_Database
obj_07217,gp_T3_Database
obj_06921,gp_T3_Database
obj_07058,gp_T3_Database
obj_07836,gp_T3_Database
obj_07175,gp_T3_Database
obj_07238,gp_T3_Database
obj_07774,gp_T3_Database
obj_07267,gp_T3_Database
obj_07640,gp_T3_Database
obj_06874,gp_T3_Database
obj_06989,gp_T3_Database
obj_07573,gp_T3_Database
obj_06828,gp_T3_Database
obj_07690,gp_T3_Database
obj_07163,gp_T3_Database
obj_06961,gp_T3_Database
obj_07245,gp_T3_Database
obj_07683,gp_T3_Database
obj_07763,gp_T3_Database
obj_06826,gp_T3_Database
obj_07159,gp_T3_Database
obj_07912,gp_T3_Database
obj_06862,gp_T3_Database
obj_07914,gp_T3_Database
obj_07419,gp_T3_Database
obj_06983,gp_T3_Database
obj_06817,gp_T3_Database
obj_07955,gp_T3_Database
obj_07590,gp_T3_Database
obj_07327,gp_T3_Database
obj_07053,gp_T3_Database
obj_07339,gp_T3_Database
obj_07263,gp_T3_Database
obj_07063,gp_T3_Database
obj_07167,gp_T3_Database
obj_07135,gp_T3_Database
obj_06856,gp_T3_Database
obj_06938,gp_T3_Database
obj_06939,gp_T3_Database
obj_07207,gp_T3_Database
obj_07869,gp_T3_Database
obj_07738,gp_T3_Database
obj_07099,gp_T3_Database
obj_07304,gp_T3_Database
obj_07290,gp_T3_Database
obj_06960,gp_T3_Database
obj_07844,gp_T3_Database
obj_07543,gp_T3_Database
obj_06926,gp_T3_Database
obj_07895,gp_T3_Database
obj_07960,gp_T3_Database
obj_07148,gp_T3_Database
obj_07846,gp_T3_Database
obj_07490,gp_T3_Database
obj_07505,gp_T3_Database
obj_07399,gp_T3_Database
obj_07985,gp_T3_Database
obj_07768,gp_T3_Database
obj_07438,gp_T3_Database
obj_07283,gp_T3_Database
obj_07118,gp_T3_Database
obj_07196,gp_T3_Database
obj_07701,gp_T3_Database
obj_07372,gp_T3_Database
obj_07782,gp_T3_Database
obj_07177,gp_T3_Database
obj_07122,gp_T3_Database
obj_07823,gp_T3_Database
obj_07719,gp_T3_Database
obj_07645,gp_T3_Database
obj_07801,gp_T3_Database
obj_07873,gp_T3_Database
obj_07730,gp_T3_Database
obj_07579,gp_T3_Database
obj_07692,gp_T3_Database
obj_07583,gp_T3_Database
obj_07693,gp_T3_Database
obj_07027,gp_T3_Database
obj_07811,gp_T3_Database
obj_07242,gp_T3_Database
obj_07335,gp_T3_Database
obj_07131,gp_T3_Database
obj_06865,gp_T3_Database
obj_08414,gp_Common_services
obj_08200,gp_Common_services
obj_08423,gp_Common_services
obj_08199,gp_Common_services
obj_08767,gp_Common_services
obj_08745,gp_Common_services
obj_08090,gp_Common_services
obj_08569,gp_Common_services
obj_08639,gp_Common_services
obj_08361,gp_Common_services
obj_08057,gp_Common_services
obj_08759,gp_Common_services
obj_08256,gp_Common_services
obj_08251,gp_Common_services
obj_08689,gp_Common_services
obj_08729,gp_Common_services
obj_08081,gp_Common_services
obj_08663,gp_Common_services
obj_08787,gp_Common_services
obj_08737,gp_Common_services
obj_08635,gp_Common_services
obj_08418,gp_Common_services
obj_08656,gp_Common_services
obj_08488,gp_Common_services
obj_08260,gp_Common_services
obj_08318,gp_Common_services
obj_08742,gp_Common_services
obj_08540,gp_Common_services
obj_08536,gp_Common_services
obj_08151,gp_Common_services
obj_08167,gp_Common_services
obj_08776,gp_Common_services
obj_08795,gp_Common_services
obj_08094,gp_Common_services
obj_08135,gp_Common_services
obj_08122,gp_Common_services
obj_08746,gp_Common_services
obj_08259,gp_Common_services
obj_08021,gp_Common_services
obj_08198,gp_Common_services
obj_08179,gp_Common_services
obj_08704,gp_Common_services
obj_08436,gp_Common_services
obj_08382,gp_Common_services
obj_08524,gp_Common_services
obj_08216,gp_Common_services
obj_08754,gp_Common_services
obj_08153,gp_Common_services
obj_08761,gp_Common_services
obj_08781,gp_Common_services
obj_08271,gp_Common_services
obj_08324,gp_Common_services
obj_08740,gp_Common_services
obj_08038,gp_Common_services
obj_08077,gp_Common_services
obj_08092,gp_Common_services
obj_08574,gp_Common_services
obj_08360,gp_Common_services
obj_08444,gp_Common_services
obj_08652,gp_Common_services
obj_08725,gp_Common_services
obj_08217,gp_Common_services
obj_08790,gp_Common_services
obj_08602,gp_Common_services
obj_08744,gp_Common_services
obj_08351,gp_Common_services
obj_08284,gp_Common_services
obj_08678,gp_Common_services
obj_08003,gp_Common_services
obj_08618,gp_Common_services
obj_08646,gp_Common_services
obj_08466,gp_Common_services
obj_08541,gp_Common_services
obj_08102,gp_Common_services
obj_08193,gp_Common_services
obj_08190,gp_Common_services
obj_08133,gp_Common_services
obj_08568,gp_Common_services
obj_08138,gp_Common_services
obj_08649,gp_Common_services
obj_08416,gp_Common_services
obj_08380,gp_Common_services
obj_08486,gp_Common_services
obj_08666,gp_Common_services
obj_08665,gp_Common_services
obj_08487,gp_Common_services
obj_08797,gp_Common_services
obj_08181,gp_Common_services
obj_08132,gp_Common_services
obj_08099,gp_Common_services
obj_08623,gp_Common_services
obj_08006,gp_Common_services
obj_08144,gp_Common_services
obj_08508,gp_Common_services
obj_08755,gp_Common_services
obj_08637,gp_Common_services
obj_08379,gp_Common_services
obj_08439,gp_Common_services
obj_08575,gp_Common_services
obj_08333,gp_Common_services
obj_08445,gp_Common_services
obj_08386,gp_Common_services
obj_08489,gp_Common_services
obj_08718,gp_Common_services
obj_08520,gp_Common_services
obj_08205,gp_Common_services
obj_08369,gp_Common_services
obj_08431,gp_Common_services
obj_08757,gp_Common_services
obj_08377,gp_Common_services
obj_08583,gp_Common_services
obj_08089,gp_Common_services
obj_08009,gp_Common_services
obj_08390,gp_Common_services
obj_08720,gp_Common_services
obj_08616,gp_Common_services
obj_08381,gp_Common_services
obj_08679,gp_Common_services
obj_08168,gp_Common_services
obj_08325,gp_Common_services
obj_08589,gp_Common_services
obj_08727,gp_Common_services
obj_08185,gp_Common_services
obj_08241,gp_Common_services
obj_08056,gp_Common_services
obj_08219,gp_Common_services
obj_08619,gp_Common_services
obj_08383,gp_Common_services
obj_08005,gp_Common_services
obj_08398,gp_Common_services
obj_08223,gp_Common_services
obj_08634,gp_Common_services
obj_08401,gp_Common_services
obj_08150,gp_Common_services
obj_08482,gp_Common_services
obj_08347,gp_Common_services
obj_08428,gp_Common_services
obj_08357,gp_Common_services
obj_08550,gp_Common_services
obj_08772,gp_Common_services
obj_08413,gp_Common_services
obj_08332,gp_Common_services
obj_08713,gp_Common_services
obj_08222,gp_Common_services
obj_08692,gp_Common_services
obj_08034,gp_Common_services
obj_08771,gp_Common_services
obj_08617,gp_Common_services
obj_08058,gp_Common_services
obj_08460,gp_Common_services
obj_08628,gp_Common_services
obj_08016,gp_Common_services
obj_08610,gp_Common_services
obj_08291,gp_Common_services
obj_08673,gp_Common_services
obj_08316,gp_Common_services
obj_08032,gp_Common_services
obj_08258,gp_Common_services
obj_08465,gp_Common_services
obj_08194,gp_Common_services
obj_08676,gp_Common_services
obj_08065,gp_Common_services
obj_08459,gp_Common_services
obj_08547,gp_Common_services
obj_08366,gp_Common_services
obj_08758,gp_Common_services
obj_08458,gp_Common_services
obj_08272,gp_Common_services
obj_08247,gp_Common_services
obj_08355,gp_Common_services
obj_09343,gp_T0_DMZ_public
obj_09045,gp_T0_DMZ_public
obj_09198,gp_T0_DMZ_public
obj_09316,gp_T0_DMZ_public
obj_08995,gp_T0_DMZ_public
obj_09142,gp_T0_DMZ_public
obj_08853,gp_T0_DMZ_public
obj_09121,gp_T0_DMZ_public
obj_09026,gp_T0_DMZ_public
obj_08952,gp_T0_DMZ_public
obj_08829,gp_T0_DMZ_public
obj_09061,gp_T0_DMZ_public
obj_09230,gp_T0_DMZ_public
obj_09258,gp_T0_DMZ_public
obj_09079,gp_T0_DMZ_public
obj_09390,gp_T0_DMZ_public
obj_09355,gp_T0_DMZ_public
obj_08946,gp_T0_DMZ_public
obj_09072,gp_T0_DMZ_public
obj_09089,gp_T0_DMZ_public
obj_09324,gp_T0_DMZ_public
obj_08868,gp_T0_DMZ_public
obj_09094,gp_T0_DMZ_public
obj_09135,gp_T0_DMZ_public
obj_09092,gp_T0_DMZ_public
obj_09039,gp_T0_DMZ_public
obj_09034,gp_T0_DMZ_public
obj_09162,gp_T0_DMZ_public
obj_09217,gp_T0_DMZ_public
obj_09127,gp_T0_DMZ_public
obj_08890,gp_T0_DMZ_public
obj_08963,gp_T0_DMZ_public
obj_08964,gp_T0_DMZ_public
obj_08807,gp_T0_DMZ_public
obj_08904,gp_T0_DMZ_public
obj_09165,gp_T0_DMZ_public
obj_09256,gp_T0_DMZ_public
obj_09178,gp_T0_DMZ_public
obj_08815,gp_T0_DMZ_public
obj_08923,gp_T0_DMZ_public
obj_08988,gp_T0_DMZ_public
obj_08840,gp_T0_DMZ_public
obj_09117,gp_T0_DMZ_public
obj_09327,gp_T0_DMZ_public
obj_08971,gp_T0_DMZ_public
obj_09090,gp_T0_DMZ_public
obj_08846,gp_T0_DMZ_public
obj_09222,gp_T0_DMZ_public
obj_08823,gp_T0_DMZ_public
obj_09261,gp_T0_DMZ_public
obj_08926,gp_T0_DMZ_public
obj_09091,gp_T0_DMZ_public
obj_08932,gp_T0_DMZ_public
obj_09149,gp_T0_DMZ_public
obj_09032,gp_T0_DMZ_public
obj_09113,gp_T0_DMZ_public
obj_09383,gp_T0_DMZ_public
obj_09098,gp_T0_DMZ_public
obj_09158,gp_T0_DMZ_public
obj_09359,gp_T0_DMZ_public
obj_08931,gp_T0_DMZ_public
obj_08973,gp_T0_DMZ_public
obj_09392,gp_T0_DMZ_public
obj_09016,gp_T0_DMZ_public
obj_09218,gp_T0_DMZ_public
obj_09328,gp_T0_DMZ_public
obj_08958,gp_T0_DMZ_public
obj_08934,gp_T0_DMZ_public
obj_09051,gp_T0_DMZ_public
obj_09038,gp_T0_DMZ_public
obj_09311,gp_T0_DMZ_public
obj_09334,gp_T0_DMZ_public
obj_08835,gp_T0_DMZ_public
obj_09319,gp_T0_DMZ_public
obj_08895,gp_T0_DMZ_public
obj_09366,gp_T0_DMZ_public
obj_09005,gp_T0_DMZ_public
obj_08951,gp_T0_DMZ_public
obj_09065,gp_T0_DMZ_public
obj_09364,gp_T0_DMZ_public
obj_09103,gp_T0_DMZ_public
obj_08878,gp_T0_DMZ_public
obj_09226,gp_T0_DMZ_public
obj_09023,gp_T0_DMZ_public
obj_09368,gp_T0_DMZ_public
obj_09350,gp_T0_DMZ_public
obj_08938,gp_T0_DMZ_public
obj_09057,gp_T0_DMZ_public
obj_09303,gp_T0_DMZ_public
obj_08948,gp_T0_DMZ_public
obj_09520,gp_Management
obj_09441,gp_Management
obj_09403,gp_Management
obj_09475,gp_Management
obj_09560,gp_Management
obj_09526,gp_Management
obj_09446,gp_Management
obj_09542,gp_Management
obj_09457,gp_Management
obj_09492,gp_Management
obj_09540,gp_Management
obj_09458,gp_Management
obj_09811,gp_GUESTS
obj_09709,gp_GUESTS
obj_09656,gp_GUESTS
obj_09733,gp_GUESTS
obj_09678,gp_GUESTS
obj_09722,gp_GUESTS
obj_09669,gp_GUESTS
obj_09770,gp_GUESTS
obj_09846,gp_GUESTS
obj_09783,gp_GUESTS
obj_09998,c_TER_CH_SRV
obj_09876,c_TER_CH_SRV
obj_09939,c_TER_CH_SRV
obj_09947,c_TER_CH_SRV
obj_09985,c_TER_CH_SRV
obj_09936,c_TER_CH_SRV
obj_09917,c_TER_CH_SRV
obj_09861,c_TER_CH_SRV
